dataset,k,nthreads,name,distance,sparsity,measure,value
tiny,3,4,SKL_KMplusplus,SQRL2,sparse,time,0.4280414581298828
tiny,3,4,SKL_KMplusplus,SQRL2,sparse,cost,45183136
tiny,3,4,MC_KMplusplus,SQRL2,sparse,time,0.09537577629089355
tiny,3,4,MC_KMplusplus,SQRL2,sparse,cost,41465038.86298263
tiny,3,4,MC_KMpp_and_LSpp,SQRL2,sparse,time,0.412886381149292
tiny,3,4,MC_KMplusplusLSpp,SQRL2,sparse,cost,38900446.83097016
tiny,3,4,MC_KM++,JSD,sparse,time,0.07503771781921387
tiny,3,4,MC_KM++,JSD,sparse,cost,7869.469047009945
tiny,3,4,MC_KMLS++,JSD,sparse,time,0.2992570400238037
tiny,3,4,MC_KMLS++,JSD,sparse,cost,7939.782623074949
tiny,3,4,MC_KM++,MKL,sparse,time,0.062306880950927734
tiny,3,4,MC_KM++,MKL,sparse,cost,43427.8880931437
tiny,3,4,MC_KMLS++,MKL,sparse,time,0.34667110443115234
tiny,3,4,MC_KMLS++,MKL,sparse,cost,41195.68171593547
tiny,3,4,MC_KM++,HELL,sparse,time,0.05869603157043457
tiny,3,4,MC_KM++,HELL,sparse,cost,21339.995440952443
tiny,3,4,MC_KMLS++,HELL,sparse,time,0.276111364364624
tiny,3,4,MC_KMLS++,HELL,sparse,cost,21005.842134783838
tiny,3,4,MC_KM++,BATMET,sparse,time,0.048758745193481445
tiny,3,4,MC_KM++,BATMET,sparse,cost,20943.69180100986
tiny,3,4,MC_KMLS++,BATMET,sparse,time,0.20974445343017578
tiny,3,4,MC_KMLS++,BATMET,sparse,cost,19595.551328015456
tiny,3,4,MC_KM++,BATDIST,sparse,time,0.058251380920410156
tiny,3,4,MC_KM++,BATDIST,sparse,cost,21917.787957538763
tiny,3,4,MC_KMLS++,BATDIST,sparse,time,0.2300257682800293
tiny,3,4,MC_KMLS++,BATDIST,sparse,cost,20141.391202756582
tiny,3,4,MC_KM++,RMKL,sparse,time,0.06578636169433594
tiny,3,4,MC_KM++,RMKL,sparse,cost,44608.72078084946
tiny,3,4,MC_KMLS++,RMKL,sparse,time,0.2967410087585449
tiny,3,4,MC_KMLS++,RMKL,sparse,cost,38256.03621542454
tiny,3,4,SKL_KMplusplus,SQRL2,dense,time,0.4135010242462158
tiny,3,4,SKL_KMplusplus,SQRL2,dense,cost,1450451.7239491323
tiny,3,4,MC_KMplusplus,SQRL2,dense,time,0.055228471755981445
tiny,3,4,MC_KMplusplus,SQRL2,dense,cost,37787884
tiny,3,4,MC_KMpp_and_LSpp,SQRL2,dense,time,0.24635624885559082
tiny,3,4,MC_KMplusplusLSpp,SQRL2,dense,cost,39819740
tiny,10,4,SKL_KMplusplus,SQRL2,sparse,time,1.0416407585144043
tiny,10,4,SKL_KMplusplus,SQRL2,sparse,cost,35346128
tiny,10,4,MC_KMplusplus,SQRL2,sparse,time,0.21415066719055176
tiny,10,4,MC_KMplusplus,SQRL2,sparse,cost,36242449.4258589
tiny,10,4,MC_KMpp_and_LSpp,SQRL2,sparse,time,0.8656563758850098
tiny,10,4,MC_KMplusplusLSpp,SQRL2,sparse,cost,36373637.62564341
tiny,10,4,MC_KM++,JSD,sparse,time,0.22864031791687012
tiny,10,4,MC_KM++,JSD,sparse,cost,7223.732677780092
tiny,10,4,MC_KMLS++,JSD,sparse,time,0.786813497543335
tiny,10,4,MC_KMLS++,JSD,sparse,cost,7395.405917033553
tiny,10,4,MC_KM++,MKL,sparse,time,0.20893263816833496
tiny,10,4,MC_KM++,MKL,sparse,cost,38732.598678827286
tiny,10,4,MC_KMLS++,MKL,sparse,time,0.6775803565979004
tiny,10,4,MC_KMLS++,MKL,sparse,cost,36598.76111739874
tiny,10,4,MC_KM++,HELL,sparse,time,0.15980172157287598
tiny,10,4,MC_KM++,HELL,sparse,cost,20447.95858534968
tiny,10,4,MC_KMLS++,HELL,sparse,time,0.5253262519836426
tiny,10,4,MC_KMLS++,HELL,sparse,cost,19740.764740889783
tiny,10,4,MC_KM++,BATMET,sparse,time,0.1378157138824463
tiny,10,4,MC_KM++,BATMET,sparse,cost,19136.97818634787
tiny,10,4,MC_KMLS++,BATMET,sparse,time,0.4860990047454834
tiny,10,4,MC_KMLS++,BATMET,sparse,cost,19472.510532128217
tiny,10,4,MC_KM++,BATDIST,sparse,time,0.13929033279418945
tiny,10,4,MC_KM++,BATDIST,sparse,cost,20079.5635617558
tiny,10,4,MC_KMLS++,BATDIST,sparse,time,0.4709300994873047
tiny,10,4,MC_KMLS++,BATDIST,sparse,cost,19684.585142062002
tiny,10,4,MC_KM++,RMKL,sparse,time,0.1800525188446045
tiny,10,4,MC_KM++,RMKL,sparse,cost,37154.85884284973
tiny,10,4,MC_KMLS++,RMKL,sparse,time,0.6463096141815186
tiny,10,4,MC_KMLS++,RMKL,sparse,cost,36867.265435665846
tiny,10,4,SKL_KMplusplus,SQRL2,dense,time,0.8669085502624512
tiny,10,4,SKL_KMplusplus,SQRL2,dense,cost,1324220.5895890384
tiny,10,4,MC_KMplusplus,SQRL2,dense,time,0.1681385040283203
tiny,10,4,MC_KMplusplus,SQRL2,dense,cost,37583284
tiny,10,4,MC_KMpp_and_LSpp,SQRL2,dense,time,0.6303396224975586
tiny,10,4,MC_KMplusplusLSpp,SQRL2,dense,cost,35004672
tiny,25,4,SKL_KMplusplus,SQRL2,sparse,time,2.672347068786621
tiny,25,4,SKL_KMplusplus,SQRL2,sparse,cost,32766568
tiny,25,4,MC_KMplusplus,SQRL2,sparse,time,0.5686323642730713
tiny,25,4,MC_KMplusplus,SQRL2,sparse,cost,32613810.641933497
tiny,25,4,MC_KMpp_and_LSpp,SQRL2,sparse,time,1.7126193046569824
tiny,25,4,MC_KMplusplusLSpp,SQRL2,sparse,cost,30922018.253510453
tiny,25,4,MC_KM++,JSD,sparse,time,0.5124406814575195
tiny,25,4,MC_KM++,JSD,sparse,cost,6701.915832772851
tiny,25,4,MC_KMLS++,JSD,sparse,time,1.7209713459014893
tiny,25,4,MC_KMLS++,JSD,sparse,cost,6673.721424296498
tiny,25,4,MC_KM++,MKL,sparse,time,0.4566233158111572
tiny,25,4,MC_KM++,MKL,sparse,cost,36716.442134320736
tiny,25,4,MC_KMLS++,MKL,sparse,time,1.5198047161102295
tiny,25,4,MC_KMLS++,MKL,sparse,cost,33056.16823267937
tiny,25,4,MC_KM++,HELL,sparse,time,0.3846924304962158
tiny,25,4,MC_KM++,HELL,sparse,cost,19450.6178414861
tiny,25,4,MC_KMLS++,HELL,sparse,time,1.1841161251068115
tiny,25,4,MC_KMLS++,HELL,sparse,cost,19228.832468066095
tiny,25,4,MC_KM++,BATMET,sparse,time,0.35811352729797363
tiny,25,4,MC_KM++,BATMET,sparse,cost,18510.23895050322
tiny,25,4,MC_KMLS++,BATMET,sparse,time,1.1030728816986084
tiny,25,4,MC_KMLS++,BATMET,sparse,cost,18277.996432144777
tiny,25,4,MC_KM++,BATDIST,sparse,time,0.34514427185058594
tiny,25,4,MC_KM++,BATDIST,sparse,cost,19192.33418259534
tiny,25,4,MC_KMLS++,BATDIST,sparse,time,1.1256990432739258
tiny,25,4,MC_KMLS++,BATDIST,sparse,cost,18494.58189303642
tiny,25,4,MC_KM++,RMKL,sparse,time,0.5122175216674805
tiny,25,4,MC_KM++,RMKL,sparse,cost,33868.230353206396
tiny,25,4,MC_KMLS++,RMKL,sparse,time,1.5150701999664307
tiny,25,4,MC_KMLS++,RMKL,sparse,cost,34878.053801864386
tiny,25,4,SKL_KMplusplus,SQRL2,dense,time,2.031792402267456
tiny,25,4,SKL_KMplusplus,SQRL2,dense,cost,1236125.0440303704
tiny,25,4,MC_KMplusplus,SQRL2,dense,time,0.37416839599609375
tiny,25,4,MC_KMplusplus,SQRL2,dense,cost,32270572
tiny,25,4,MC_KMpp_and_LSpp,SQRL2,dense,time,1.3471179008483887
tiny,25,4,MC_KMplusplusLSpp,SQRL2,dense,cost,31361990
tiny,50,4,SKL_KMplusplus,SQRL2,sparse,time,5.513673543930054
tiny,50,4,SKL_KMplusplus,SQRL2,sparse,cost,30604238
tiny,50,4,MC_KMplusplus,SQRL2,sparse,time,1.0433862209320068
tiny,50,4,MC_KMplusplus,SQRL2,sparse,cost,30634738.908256814
tiny,50,4,MC_KMpp_and_LSpp,SQRL2,sparse,time,3.197211503982544
tiny,50,4,MC_KMplusplusLSpp,SQRL2,sparse,cost,30256363.463025223
tiny,50,4,MC_KM++,JSD,sparse,time,1.0335023403167725
tiny,50,4,MC_KM++,JSD,sparse,cost,6681.6440317854285
tiny,50,4,MC_KMLS++,JSD,sparse,time,3.2515084743499756
tiny,50,4,MC_KMLS++,JSD,sparse,cost,6503.185352154076
tiny,50,4,MC_KM++,MKL,sparse,time,0.9112684726715088
tiny,50,4,MC_KM++,MKL,sparse,cost,34262.54948475957
tiny,50,4,MC_KMLS++,MKL,sparse,time,3.510014772415161
tiny,50,4,MC_KMLS++,MKL,sparse,cost,32432.51408073306
tiny,50,4,MC_KM++,HELL,sparse,time,0.9314658641815186
tiny,50,4,MC_KM++,HELL,sparse,cost,19120.60267484322
tiny,50,4,MC_KMLS++,HELL,sparse,time,2.5107178688049316
tiny,50,4,MC_KMLS++,HELL,sparse,cost,19033.402191066212
tiny,50,4,MC_KM++,BATMET,sparse,time,0.7218241691589355
tiny,50,4,MC_KM++,BATMET,sparse,cost,17975.152007260753
tiny,50,4,MC_KMLS++,BATMET,sparse,time,2.1721999645233154
tiny,50,4,MC_KMLS++,BATMET,sparse,cost,17998.758181892
tiny,50,4,MC_KM++,BATDIST,sparse,time,0.6960747241973877
tiny,50,4,MC_KM++,BATDIST,sparse,cost,18392.114889964956
tiny,50,4,MC_KMLS++,BATDIST,sparse,time,2.061898946762085
tiny,50,4,MC_KMLS++,BATDIST,sparse,cost,18155.191926959757
tiny,50,4,MC_KM++,RMKL,sparse,time,0.874028205871582
tiny,50,4,MC_KM++,RMKL,sparse,cost,30988.513485342264
tiny,50,4,MC_KMLS++,RMKL,sparse,time,2.849771022796631
tiny,50,4,MC_KMLS++,RMKL,sparse,cost,32404.266981095076
tiny,50,4,SKL_KMplusplus,SQRL2,dense,time,3.9734911918640137
tiny,50,4,SKL_KMplusplus,SQRL2,dense,cost,1226519.0747863324
tiny,50,4,MC_KMplusplus,SQRL2,dense,time,0.7876088619232178
tiny,50,4,MC_KMplusplus,SQRL2,dense,cost,30647150
tiny,50,4,MC_KMpp_and_LSpp,SQRL2,dense,time,2.751210927963257
tiny,50,4,MC_KMplusplusLSpp,SQRL2,dense,cost,29480768
tiny,100,4,SKL_KMplusplus,SQRL2,sparse,time,9.51398515701294
tiny,100,4,SKL_KMplusplus,SQRL2,sparse,cost,28890958
tiny,100,4,MC_KMplusplus,SQRL2,sparse,time,2.0593838691711426
tiny,100,4,MC_KMplusplus,SQRL2,sparse,cost,28496334.622279007
tiny,100,4,MC_KMpp_and_LSpp,SQRL2,sparse,time,6.3182032108306885
tiny,100,4,MC_KMplusplusLSpp,SQRL2,sparse,cost,27781724.183808252
tiny,100,4,MC_KM++,JSD,sparse,time,2.0976974964141846
tiny,100,4,MC_KM++,JSD,sparse,cost,6298.60652180016
tiny,100,4,MC_KMLS++,JSD,sparse,time,7.245388746261597
tiny,100,4,MC_KMLS++,JSD,sparse,cost,6256.4836453944445
tiny,100,4,MC_KM++,MKL,sparse,time,1.9442808628082275
tiny,100,4,MC_KM++,MKL,sparse,cost,33101.3063672781
tiny,100,4,MC_KMLS++,MKL,sparse,time,6.4742512702941895
tiny,100,4,MC_KMLS++,MKL,sparse,cost,30731.06992661953
tiny,100,4,MC_KM++,HELL,sparse,time,1.6373991966247559
tiny,100,4,MC_KM++,HELL,sparse,cost,18873.57060776108
tiny,100,4,MC_KMLS++,HELL,sparse,time,4.84206485748291
tiny,100,4,MC_KMLS++,HELL,sparse,cost,18542.16101855496
tiny,100,4,MC_KM++,BATMET,sparse,time,1.4180195331573486
tiny,100,4,MC_KM++,BATMET,sparse,cost,17736.2214181835
tiny,100,4,MC_KMLS++,BATMET,sparse,time,4.180855989456177
tiny,100,4,MC_KMLS++,BATMET,sparse,cost,17422.318768364115
tiny,100,4,MC_KM++,BATDIST,sparse,time,1.358166217803955
tiny,100,4,MC_KM++,BATDIST,sparse,cost,17691.347217903298
tiny,100,4,MC_KMLS++,BATDIST,sparse,time,4.132148265838623
tiny,100,4,MC_KMLS++,BATDIST,sparse,cost,17584.8520018219
tiny,100,4,MC_KM++,RMKL,sparse,time,1.836578369140625
tiny,100,4,MC_KM++,RMKL,sparse,cost,30785.85540908575
tiny,100,4,MC_KMLS++,RMKL,sparse,time,5.722161769866943
tiny,100,4,MC_KMLS++,RMKL,sparse,cost,30858.812460184097
tiny,100,4,SKL_KMplusplus,SQRL2,dense,time,7.58939790725708
tiny,100,4,SKL_KMplusplus,SQRL2,dense,cost,1198292.2696354592
tiny,100,4,MC_KMplusplus,SQRL2,dense,time,1.5771918296813965
tiny,100,4,MC_KMplusplus,SQRL2,dense,cost,29043718
tiny,100,4,MC_KMpp_and_LSpp,SQRL2,dense,time,5.234795570373535
tiny,100,4,MC_KMplusplusLSpp,SQRL2,dense,cost,28141854
PBMC,3,4,SKL_KMplusplus,SQRL2,sparse,time,8.439188241958618
PBMC,3,4,SKL_KMplusplus,SQRL2,sparse,cost,386439776
PBMC,3,4,MC_KMplusplus,SQRL2,sparse,time,0.6336438655853271
PBMC,3,4,MC_KMplusplus,SQRL2,sparse,cost,332415137
PBMC,3,4,MC_KMpp_and_LSpp,SQRL2,sparse,time,3.1645238399505615
PBMC,3,4,MC_KMplusplusLSpp,SQRL2,sparse,cost,315095773
PBMC,3,4,MC_KM++,JSD,sparse,time,0.8392543792724609
PBMC,3,4,MC_KM++,JSD,sparse,cost,3867.3529280647635
PBMC,3,4,MC_KMLS++,JSD,sparse,time,4.397636890411377
PBMC,3,4,MC_KMLS++,JSD,sparse,cost,3623.14711243473
PBMC,3,4,MC_KM++,MKL,sparse,time,0.676093578338623
PBMC,3,4,MC_KM++,MKL,sparse,cost,18665.844829559326
PBMC,3,4,MC_KMLS++,MKL,sparse,time,3.318920850753784
PBMC,3,4,MC_KMLS++,MKL,sparse,cost,16445.830398842692
PBMC,3,4,MC_KM++,HELL,sparse,time,0.6271772384643555
PBMC,3,4,MC_KM++,HELL,sparse,cost,17015.376717642353
PBMC,3,4,MC_KMLS++,HELL,sparse,time,3.118007183074951
PBMC,3,4,MC_KMLS++,HELL,sparse,cost,16868.419149146794
PBMC,3,4,MC_KM++,BATMET,sparse,time,0.558189868927002
PBMC,3,4,MC_KM++,BATMET,sparse,cost,10626.308383311625
PBMC,3,4,MC_KMLS++,BATMET,sparse,time,2.839567184448242
PBMC,3,4,MC_KMLS++,BATMET,sparse,cost,10140.325365045912
PBMC,3,4,MC_KM++,BATDIST,sparse,time,0.5404751300811768
PBMC,3,4,MC_KM++,BATDIST,sparse,cost,10516.565919535082
PBMC,3,4,MC_KMLS++,BATDIST,sparse,time,3.007432699203491
PBMC,3,4,MC_KMLS++,BATDIST,sparse,cost,10168.10145185158
PBMC,3,4,MC_KM++,RMKL,sparse,time,0.6514453887939453
PBMC,3,4,MC_KM++,RMKL,sparse,cost,20436.920919552445
PBMC,3,4,MC_KMLS++,RMKL,sparse,time,3.0498766899108887
PBMC,3,4,MC_KMLS++,RMKL,sparse,cost,18389.908622041345
PBMC,3,4,SKL_KMplusplus,SQRL2,dense,time,3.690115213394165
PBMC,3,4,SKL_KMplusplus,SQRL2,dense,cost,1e+308
PBMC,3,4,MC_KMplusplus,SQRL2,dense,time,0.14821076393127441
PBMC,3,4,MC_KMplusplus,SQRL2,dense,cost,265362976
PBMC,3,4,MC_KMpp_and_LSpp,SQRL2,dense,time,0.6474123001098633
PBMC,3,4,MC_KMplusplusLSpp,SQRL2,dense,cost,254629184
PBMC,10,4,SKL_KMplusplus,SQRL2,sparse,time,24.661828994750977
PBMC,10,4,SKL_KMplusplus,SQRL2,sparse,cost,254375648
PBMC,10,4,MC_KMplusplus,SQRL2,sparse,time,1.8068256378173828
PBMC,10,4,MC_KMplusplus,SQRL2,sparse,cost,257916426
PBMC,10,4,MC_KMpp_and_LSpp,SQRL2,sparse,time,6.8387627601623535
PBMC,10,4,MC_KMplusplusLSpp,SQRL2,sparse,cost,260320609
PBMC,10,4,MC_KM++,JSD,sparse,time,2.2238943576812744
PBMC,10,4,MC_KM++,JSD,sparse,cost,3514.545393722132
PBMC,10,4,MC_KMLS++,JSD,sparse,time,8.701330661773682
PBMC,10,4,MC_KMLS++,JSD,sparse,cost,3513.3564541134983
PBMC,10,4,MC_KM++,MKL,sparse,time,2.009669303894043
PBMC,10,4,MC_KM++,MKL,sparse,cost,15986.078161418438
PBMC,10,4,MC_KMLS++,MKL,sparse,time,7.28581690788269
PBMC,10,4,MC_KMLS++,MKL,sparse,cost,17012.630023896694
PBMC,10,4,MC_KM++,HELL,sparse,time,1.8819165229797363
PBMC,10,4,MC_KM++,HELL,sparse,cost,16645.809832348317
PBMC,10,4,MC_KMLS++,HELL,sparse,time,6.598300933837891
PBMC,10,4,MC_KMLS++,HELL,sparse,cost,16454.46878111191
PBMC,10,4,MC_KM++,BATMET,sparse,time,1.679673194885254
PBMC,10,4,MC_KM++,BATMET,sparse,cost,9787.776112750333
PBMC,10,4,MC_KMLS++,BATMET,sparse,time,6.126945972442627
PBMC,10,4,MC_KMLS++,BATMET,sparse,cost,9557.257454826511
PBMC,10,4,MC_KM++,BATDIST,sparse,time,1.7819874286651611
PBMC,10,4,MC_KM++,BATDIST,sparse,cost,10032.40605487987
PBMC,10,4,MC_KMLS++,BATDIST,sparse,time,5.937240839004517
PBMC,10,4,MC_KMLS++,BATDIST,sparse,cost,9605.052333014173
PBMC,10,4,MC_KM++,RMKL,sparse,time,2.1213715076446533
PBMC,10,4,MC_KM++,RMKL,sparse,cost,18730.99312789738
PBMC,10,4,MC_KMLS++,RMKL,sparse,time,7.275830268859863
PBMC,10,4,MC_KMLS++,RMKL,sparse,cost,17093.298436522484
PBMC,10,4,SKL_KMplusplus,SQRL2,dense,time,8.59061336517334
PBMC,10,4,SKL_KMplusplus,SQRL2,dense,cost,1e+308
PBMC,10,4,MC_KMplusplus,SQRL2,dense,time,0.44840431213378906
PBMC,10,4,MC_KMplusplus,SQRL2,dense,cost,212592800
PBMC,10,4,MC_KMpp_and_LSpp,SQRL2,dense,time,1.5735080242156982
PBMC,10,4,MC_KMplusplusLSpp,SQRL2,dense,cost,194457824
PBMC,25,4,SKL_KMplusplus,SQRL2,sparse,time,60.06602215766907
PBMC,25,4,SKL_KMplusplus,SQRL2,sparse,cost,240883376
PBMC,25,4,MC_KMplusplus,SQRL2,sparse,time,5.533758163452148
PBMC,25,4,MC_KMplusplus,SQRL2,sparse,cost,235601860
PBMC,25,4,MC_KMpp_and_LSpp,SQRL2,sparse,time,17.69963550567627
PBMC,25,4,MC_KMplusplusLSpp,SQRL2,sparse,cost,232720608
PBMC,25,4,MC_KM++,JSD,sparse,time,6.836198091506958
PBMC,25,4,MC_KM++,JSD,sparse,cost,3410.566896257922
PBMC,25,4,MC_KMLS++,JSD,sparse,time,24.937394380569458
PBMC,25,4,MC_KMLS++,JSD,sparse,cost,3437.363272747025
PBMC,25,4,MC_KM++,MKL,sparse,time,6.291104078292847
PBMC,25,4,MC_KM++,MKL,sparse,cost,15788.153010889888
PBMC,25,4,MC_KMLS++,MKL,sparse,time,20.63212823867798
PBMC,25,4,MC_KMLS++,MKL,sparse,cost,17185.369041472673
PBMC,25,4,MC_KM++,HELL,sparse,time,5.47072172164917
PBMC,25,4,MC_KM++,HELL,sparse,cost,16286.964148788653
PBMC,25,4,MC_KMLS++,HELL,sparse,time,16.97122073173523
PBMC,25,4,MC_KMLS++,HELL,sparse,cost,16223.378175215166
PBMC,25,4,MC_KM++,BATMET,sparse,time,4.324904680252075
PBMC,25,4,MC_KM++,BATMET,sparse,cost,9294.20967190393
PBMC,25,4,MC_KMLS++,BATMET,sparse,time,14.724804401397705
PBMC,25,4,MC_KMLS++,BATMET,sparse,cost,9238.548730952149
PBMC,25,4,MC_KM++,BATDIST,sparse,time,4.343334674835205
PBMC,25,4,MC_KM++,BATDIST,sparse,cost,9289.528255338191
PBMC,25,4,MC_KMLS++,BATDIST,sparse,time,14.472943305969238
PBMC,25,4,MC_KMLS++,BATDIST,sparse,cost,9290.397197684404
PBMC,25,4,MC_KM++,RMKL,sparse,time,5.505230903625488
PBMC,25,4,MC_KM++,RMKL,sparse,cost,18331.140529222786
PBMC,25,4,MC_KMLS++,RMKL,sparse,time,17.59402298927307
PBMC,25,4,MC_KMLS++,RMKL,sparse,cost,15762.438996061683
PBMC,25,4,SKL_KMplusplus,SQRL2,dense,time,21.581050395965576
PBMC,25,4,SKL_KMplusplus,SQRL2,dense,cost,1e+308
PBMC,25,4,MC_KMplusplus,SQRL2,dense,time,1.1843857765197754
PBMC,25,4,MC_KMplusplus,SQRL2,dense,cost,185007120
PBMC,25,4,MC_KMpp_and_LSpp,SQRL2,dense,time,4.2633349895477295
PBMC,25,4,MC_KMplusplusLSpp,SQRL2,dense,cost,178081680
PBMC,50,4,SKL_KMplusplus,SQRL2,sparse,time,131.59178566932678
PBMC,50,4,SKL_KMplusplus,SQRL2,sparse,cost,218187584
PBMC,50,4,MC_KMplusplus,SQRL2,sparse,time,9.862178564071655
PBMC,50,4,MC_KMplusplus,SQRL2,sparse,cost,217669062
PBMC,50,4,MC_KMpp_and_LSpp,SQRL2,sparse,time,30.09721350669861
PBMC,50,4,MC_KMplusplusLSpp,SQRL2,sparse,cost,213311875
PBMC,50,4,MC_KM++,JSD,sparse,time,12.624845266342163
PBMC,50,4,MC_KM++,JSD,sparse,cost,3492.290089085698
PBMC,50,4,MC_KMLS++,JSD,sparse,time,39.983097076416016
PBMC,50,4,MC_KMLS++,JSD,sparse,cost,3362.8139451108873
PBMC,50,4,MC_KM++,MKL,sparse,time,12.872621059417725
PBMC,50,4,MC_KM++,MKL,sparse,cost,16078.143746197224
PBMC,50,4,MC_KMLS++,MKL,sparse,time,41.06118130683899
PBMC,50,4,MC_KMLS++,MKL,sparse,cost,16511.68060644716
PBMC,50,4,MC_KM++,HELL,sparse,time,11.10810136795044
PBMC,50,4,MC_KM++,HELL,sparse,cost,16069.845094901622
PBMC,50,4,MC_KMLS++,HELL,sparse,time,36.18469977378845
PBMC,50,4,MC_KMLS++,HELL,sparse,cost,15997.258164455881
PBMC,50,4,MC_KM++,BATMET,sparse,time,10.280687808990479
PBMC,50,4,MC_KM++,BATMET,sparse,cost,9119.930734469119
PBMC,50,4,MC_KMLS++,BATMET,sparse,time,31.64122700691223
PBMC,50,4,MC_KMLS++,BATMET,sparse,cost,9056.254192166889
PBMC,50,4,MC_KM++,BATDIST,sparse,time,9.81503415107727
PBMC,50,4,MC_KM++,BATDIST,sparse,cost,9085.01718375475
PBMC,50,4,MC_KMLS++,BATDIST,sparse,time,29.47423505783081
PBMC,50,4,MC_KMLS++,BATDIST,sparse,cost,9074.169051487683
PBMC,50,4,MC_KM++,RMKL,sparse,time,10.411346435546875
PBMC,50,4,MC_KM++,RMKL,sparse,cost,17976.4251973629
PBMC,50,4,MC_KMLS++,RMKL,sparse,time,33.762333393096924
PBMC,50,4,MC_KMLS++,RMKL,sparse,cost,15655.430471628904
PBMC,50,4,SKL_KMplusplus,SQRL2,dense,time,41.386565923690796
PBMC,50,4,SKL_KMplusplus,SQRL2,dense,cost,1e+308
PBMC,50,4,MC_KMplusplus,SQRL2,dense,time,2.427858829498291
PBMC,50,4,MC_KMplusplus,SQRL2,dense,cost,169220992
PBMC,50,4,MC_KMpp_and_LSpp,SQRL2,dense,time,7.138180255889893
PBMC,50,4,MC_KMplusplusLSpp,SQRL2,dense,cost,163283664
PBMC,100,4,SKL_KMplusplus,SQRL2,sparse,time,322.5298273563385
PBMC,100,4,SKL_KMplusplus,SQRL2,sparse,cost,207718368
PBMC,100,4,MC_KMplusplus,SQRL2,sparse,time,21.884217739105225
PBMC,100,4,MC_KMplusplus,SQRL2,sparse,cost,205717400
PBMC,100,4,MC_KMpp_and_LSpp,SQRL2,sparse,time,69.76995539665222
PBMC,100,4,MC_KMplusplusLSpp,SQRL2,sparse,cost,206799257
PBMC,100,4,MC_KM++,JSD,sparse,time,28.666213750839233
PBMC,100,4,MC_KM++,JSD,sparse,cost,3328.7449461594224
PBMC,100,4,MC_KMLS++,JSD,sparse,time,78.2834198474884
PBMC,100,4,MC_KMLS++,JSD,sparse,cost,3341.3307941239327
PBMC,100,4,MC_KM++,MKL,sparse,time,21.5334312915802
PBMC,100,4,MC_KM++,MKL,sparse,cost,15599.974061280489
PBMC,100,4,MC_KMLS++,MKL,sparse,time,68.5665352344513
PBMC,100,4,MC_KMLS++,MKL,sparse,cost,14825.515372470021
PBMC,100,4,MC_KM++,HELL,sparse,time,19.218556880950928
PBMC,100,4,MC_KM++,HELL,sparse,cost,15987.918972676147
PBMC,100,4,MC_KMLS++,HELL,sparse,time,63.089619159698486
PBMC,100,4,MC_KMLS++,HELL,sparse,cost,15715.29840425496
PBMC,100,4,MC_KM++,BATMET,sparse,time,19.447290897369385
PBMC,100,4,MC_KM++,BATMET,sparse,cost,8954.200032512355
PBMC,100,4,MC_KMLS++,BATMET,sparse,time,61.11313462257385
PBMC,100,4,MC_KMLS++,BATMET,sparse,cost,8827.328320295626
PBMC,100,4,MC_KM++,BATDIST,sparse,time,19.590189456939697
PBMC,100,4,MC_KM++,BATDIST,sparse,cost,8891.917252835996
PBMC,100,4,MC_KMLS++,BATDIST,sparse,time,59.43693256378174
PBMC,100,4,MC_KMLS++,BATDIST,sparse,cost,8894.74552486759
PBMC,100,4,MC_KM++,RMKL,sparse,time,22.544239282608032
PBMC,100,4,MC_KM++,RMKL,sparse,cost,17889.82091204822
PBMC,100,4,MC_KMLS++,RMKL,sparse,time,76.37208104133606
PBMC,100,4,MC_KMLS++,RMKL,sparse,cost,15593.078911446035
PBMC,100,4,SKL_KMplusplus,SQRL2,dense,time,89.70099306106567
PBMC,100,4,SKL_KMplusplus,SQRL2,dense,cost,1e+308
PBMC,100,4,MC_KMplusplus,SQRL2,dense,time,5.259045362472534
PBMC,100,4,MC_KMplusplus,SQRL2,dense,cost,158669296
PBMC,100,4,MC_KMpp_and_LSpp,SQRL2,dense,time,15.154039859771729
PBMC,100,4,MC_KMplusplusLSpp,SQRL2,dense,cost,155039200
Cao2m,3,4,SKL_KMplusplus,SQRL2,sparse,time,356.3990478515625
Cao2m,3,4,SKL_KMplusplus,SQRL2,sparse,cost,6918298112
Cao2m,3,4,MC_KMplusplus,SQRL2,sparse,time,20.298718452453613
Cao2m,3,4,MC_KMplusplus,SQRL2,sparse,cost,7012548183
Cao2m,3,4,MC_KMpp_and_LSpp,SQRL2,sparse,time,108.12425756454468
Cao2m,3,4,MC_KMplusplusLSpp,SQRL2,sparse,cost,6071682266
Cao2m,3,4,MC_KM++,JSD,sparse,time,30.86752986907959
Cao2m,3,4,MC_KM++,JSD,sparse,cost,162690.88243292645
Cao2m,3,4,MC_KMLS++,JSD,sparse,time,154.37235164642334
Cao2m,3,4,MC_KMLS++,JSD,sparse,cost,152921.94121123105
Cao2m,3,4,MC_KM++,MKL,sparse,time,32.295976877212524
Cao2m,3,4,MC_KM++,MKL,sparse,cost,960689.6025494337
Cao2m,3,4,MC_KMLS++,MKL,sparse,time,133.2642834186554
Cao2m,3,4,MC_KMLS++,MKL,sparse,cost,662906.7822701186
Cao2m,3,4,MC_KM++,HELL,sparse,time,26.560503005981445
Cao2m,3,4,MC_KM++,HELL,sparse,cost,588537.7607039709
Cao2m,3,4,MC_KMLS++,HELL,sparse,time,110.18274354934692
Cao2m,3,4,MC_KMLS++,HELL,sparse,cost,605056.8295402478
Cao2m,3,4,MC_KM++,BATMET,sparse,time,20.356668710708618
Cao2m,3,4,MC_KM++,BATMET,sparse,cost,407806.1744246632
Cao2m,3,4,MC_KMLS++,BATMET,sparse,time,102.2858772277832
Cao2m,3,4,MC_KMLS++,BATMET,sparse,cost,407290.9021300299
Cao2m,3,4,MC_KM++,BATDIST,sparse,time,18.47922158241272
Cao2m,3,4,MC_KM++,BATDIST,sparse,cost,411509.0810736297
Cao2m,3,4,MC_KMLS++,BATDIST,sparse,time,91.4040367603302
Cao2m,3,4,MC_KMLS++,BATDIST,sparse,cost,397803.7062246046
Cao2m,3,4,MC_KM++,RMKL,sparse,time,25.688118934631348
Cao2m,3,4,MC_KM++,RMKL,sparse,cost,928062.7994860113
Cao2m,3,4,MC_KMLS++,RMKL,sparse,time,126.77020573616028
Cao2m,3,4,MC_KMLS++,RMKL,sparse,cost,902668.9015732557
Cao2m,3,4,SKL_KMplusplus,SQRL2,dense,time,163.97600889205933
Cao2m,3,4,SKL_KMplusplus,SQRL2,dense,cost,1e+308
Cao2m,3,4,MC_KMplusplus,SQRL2,dense,time,5.148366451263428
Cao2m,3,4,MC_KMplusplus,SQRL2,dense,cost,4771059712
Cao2m,3,4,MC_KMpp_and_LSpp,SQRL2,dense,time,19.846752405166626
Cao2m,3,4,MC_KMplusplusLSpp,SQRL2,dense,cost,3843269632
Cao2m,10,4,SKL_KMplusplus,SQRL2,sparse,time,1391.9210212230682
Cao2m,10,4,SKL_KMplusplus,SQRL2,sparse,cost,5608207872
Cao2m,10,4,MC_KMplusplus,SQRL2,sparse,time,70.86573529243469
Cao2m,10,4,MC_KMplusplus,SQRL2,sparse,cost,6187037806
Cao2m,10,4,MC_KMpp_and_LSpp,SQRL2,sparse,time,287.41308999061584
Cao2m,10,4,MC_KMplusplusLSpp,SQRL2,sparse,cost,5605356542
Cao2m,10,4,MC_KM++,JSD,sparse,time,99.4397828578949
Cao2m,10,4,MC_KM++,JSD,sparse,cost,149096.95569129474
Cao2m,10,4,MC_KMLS++,JSD,sparse,time,385.13126397132874
Cao2m,10,4,MC_KMLS++,JSD,sparse,cost,147105.8166914042
Cao2m,10,4,MC_KM++,MKL,sparse,time,88.68337559700012
Cao2m,10,4,MC_KM++,MKL,sparse,cost,684512.867561847
Cao2m,10,4,MC_KMLS++,MKL,sparse,time,314.98236107826233
Cao2m,10,4,MC_KMLS++,MKL,sparse,cost,620835.7669057399
Cao2m,10,4,MC_KM++,HELL,sparse,time,67.27259159088135
Cao2m,10,4,MC_KM++,HELL,sparse,cost,578254.3354142659
Cao2m,10,4,MC_KMLS++,HELL,sparse,time,262.48959517478943
Cao2m,10,4,MC_KMLS++,HELL,sparse,cost,579551.0062872071
Cao2m,10,4,MC_KM++,BATMET,sparse,time,60.307239294052124
Cao2m,10,4,MC_KM++,BATMET,sparse,cost,401270.7926127176
Cao2m,10,4,MC_KMLS++,BATMET,sparse,time,250.15974736213684
Cao2m,10,4,MC_KMLS++,BATMET,sparse,cost,389469.657689606
Cao2m,10,4,MC_KM++,BATDIST,sparse,time,69.51327133178711
Cao2m,10,4,MC_KM++,BATDIST,sparse,cost,391210.41351478506
Cao2m,10,4,MC_KMLS++,BATDIST,sparse,time,250.81239581108093
Cao2m,10,4,MC_KMLS++,BATDIST,sparse,cost,388353.5255830134
Cao2m,10,4,MC_KM++,RMKL,sparse,time,79.01424527168274
Cao2m,10,4,MC_KM++,RMKL,sparse,cost,877563.7682725787
Cao2m,10,4,MC_KMLS++,RMKL,sparse,time,310.63089895248413
Cao2m,10,4,MC_KMLS++,RMKL,sparse,cost,754306.1935447156
Cao2m,10,4,SKL_KMplusplus,SQRL2,dense,time,394.0817701816559
Cao2m,10,4,SKL_KMplusplus,SQRL2,dense,cost,1e+308
Cao2m,10,4,MC_KMplusplus,SQRL2,dense,time,15.24378252029419
Cao2m,10,4,MC_KMplusplus,SQRL2,dense,cost,3716690176
Cao2m,10,4,MC_KMpp_and_LSpp,SQRL2,dense,time,53.52512049674988
Cao2m,10,4,MC_KMplusplusLSpp,SQRL2,dense,cost,3228911872
Cao2m,25,4,SKL_KMplusplus,SQRL2,sparse,time,3535.7972292900085
Cao2m,25,4,SKL_KMplusplus,SQRL2,sparse,cost,5221897728
Cao2m,25,4,MC_KMplusplus,SQRL2,sparse,time,188.01107740402222
Cao2m,25,4,MC_KMplusplus,SQRL2,sparse,cost,5342942968
Cao2m,25,4,MC_KMpp_and_LSpp,SQRL2,sparse,time,666.1440756320953
Cao2m,25,4,MC_KMplusplusLSpp,SQRL2,sparse,cost,4979434501
Cao2m,25,4,MC_KM++,JSD,sparse,time,258.54587054252625
Cao2m,25,4,MC_KM++,JSD,sparse,cost,151921.80345655978
Cao2m,25,4,MC_KMLS++,JSD,sparse,time,840.8802578449249
Cao2m,25,4,MC_KMLS++,JSD,sparse,cost,151368.87841276452
Cao2m,25,4,MC_KM++,MKL,sparse,time,200.32444715499878
Cao2m,25,4,MC_KM++,MKL,sparse,cost,614295.6721289158
Cao2m,25,4,MC_KMLS++,MKL,sparse,time,700.8078808784485
Cao2m,25,4,MC_KMLS++,MKL,sparse,cost,633865.0550859198
Cao2m,25,4,MC_KM++,HELL,sparse,time,188.00334572792053
Cao2m,25,4,MC_KM++,HELL,sparse,cost,588805.856181026
Cao2m,25,4,MC_KMLS++,HELL,sparse,time,613.7217786312103
Cao2m,25,4,MC_KMLS++,HELL,sparse,cost,566467.0886039888
Cao2m,25,4,MC_KM++,BATMET,sparse,time,168.0543715953827
Cao2m,25,4,MC_KM++,BATMET,sparse,cost,385483.50906588224
Cao2m,25,4,MC_KMLS++,BATMET,sparse,time,579.6220152378082
Cao2m,25,4,MC_KMLS++,BATMET,sparse,cost,382494.72854777303
Cao2m,25,4,MC_KM++,BATDIST,sparse,time,171.4712212085724
Cao2m,25,4,MC_KM++,BATDIST,sparse,cost,383063.6551142627
Cao2m,25,4,MC_KMLS++,BATDIST,sparse,time,605.4092247486115
Cao2m,25,4,MC_KMLS++,BATDIST,sparse,cost,383043.8876228272
Cao2m,25,4,MC_KM++,RMKL,sparse,time,193.70083928108215
Cao2m,25,4,MC_KM++,RMKL,sparse,cost,887728.3329285681
Cao2m,25,4,MC_KMLS++,RMKL,sparse,time,630.7416453361511
Cao2m,25,4,MC_KMLS++,RMKL,sparse,cost,613199.6727850437
Cao2m,25,4,SKL_KMplusplus,SQRL2,dense,time,825.2562973499298
Cao2m,25,4,SKL_KMplusplus,SQRL2,dense,cost,1e+308
Cao2m,25,4,MC_KMplusplus,SQRL2,dense,time,31.06100368499756
Cao2m,25,4,MC_KMplusplus,SQRL2,dense,cost,3040575744
Cao2m,25,4,MC_KMpp_and_LSpp,SQRL2,dense,time,102.95066046714783
Cao2m,25,4,MC_KMplusplusLSpp,SQRL2,dense,cost,3074381056
Cao2m,50,4,SKL_KMplusplus,SQRL2,sparse,time,5858.011607646942
Cao2m,50,4,SKL_KMplusplus,SQRL2,sparse,cost,5320496640
Cao2m,50,4,MC_KMplusplus,SQRL2,sparse,time,359.8748366832733
Cao2m,50,4,MC_KMplusplus,SQRL2,sparse,cost,4895285792
Cao2m,50,4,MC_KMpp_and_LSpp,SQRL2,sparse,time,1102.045612335205
Cao2m,50,4,MC_KMplusplusLSpp,SQRL2,sparse,cost,4965560054
Cao2m,50,4,MC_KM++,JSD,sparse,time,493.6466224193573
Cao2m,50,4,MC_KM++,JSD,sparse,cost,151876.31928935274
Cao2m,50,4,MC_KMLS++,JSD,sparse,time,1423.7476842403412
Cao2m,50,4,MC_KMLS++,JSD,sparse,cost,145828.01313454658
Cao2m,50,4,MC_KM++,MKL,sparse,time,377.0196907520294
Cao2m,50,4,MC_KM++,MKL,sparse,cost,623610.0437883884
Cao2m,50,4,MC_KMLS++,MKL,sparse,time,1248.878978729248
Cao2m,50,4,MC_KMLS++,MKL,sparse,cost,642739.0413620919
Cao2m,50,4,MC_KM++,HELL,sparse,time,353.291424036026
Cao2m,50,4,MC_KM++,HELL,sparse,cost,565391.5603476043
Cao2m,50,4,MC_KMLS++,HELL,sparse,time,1099.5387160778046
Cao2m,50,4,MC_KMLS++,HELL,sparse,cost,569758.7108716918
Cao2m,50,4,MC_KM++,BATMET,sparse,time,360.6776432991028
Cao2m,50,4,MC_KM++,BATMET,sparse,cost,378858.6710359057
Cao2m,50,4,MC_KMLS++,BATMET,sparse,time,1135.1294660568237
Cao2m,50,4,MC_KMLS++,BATMET,sparse,cost,377929.6058893576
Cao2m,50,4,MC_KM++,BATDIST,sparse,time,354.06932735443115
Cao2m,50,4,MC_KM++,BATDIST,sparse,cost,379539.925474637
Cao2m,50,4,MC_KMLS++,BATDIST,sparse,time,1094.0095732212067
Cao2m,50,4,MC_KMLS++,BATDIST,sparse,cost,377284.95384989266
Cao2m,50,4,MC_KM++,RMKL,sparse,time,474.2336802482605
Cao2m,50,4,MC_KM++,RMKL,sparse,cost,860782.0280280262
Cao2m,50,4,MC_KMLS++,RMKL,sparse,time,1512.1025128364563
Cao2m,50,4,MC_KMLS++,RMKL,sparse,cost,631265.673588857
Cao2m,50,4,SKL_KMplusplus,SQRL2,dense,time,1904.7910461425781
Cao2m,50,4,SKL_KMplusplus,SQRL2,dense,cost,1e+308
Cao2m,50,4,MC_KMplusplus,SQRL2,dense,time,67.31945562362671
Cao2m,50,4,MC_KMplusplus,SQRL2,dense,cost,2767011072
Cao2m,50,4,MC_KMpp_and_LSpp,SQRL2,dense,time,196.88776302337646
Cao2m,50,4,MC_KMplusplusLSpp,SQRL2,dense,cost,2758141184
Cao2m,100,4,SKL_KMplusplus,SQRL2,sparse,time,14594.11743760109
Cao2m,100,4,SKL_KMplusplus,SQRL2,sparse,cost,4767895040
Cao2m,100,4,MC_KMplusplus,SQRL2,sparse,time,836.4860744476318
Cao2m,100,4,MC_KMplusplus,SQRL2,sparse,cost,4706288228
Cao2m,100,4,MC_KMpp_and_LSpp,SQRL2,sparse,time,2463.8261263370514
Cao2m,100,4,MC_KMplusplusLSpp,SQRL2,sparse,cost,4568786960
Cao2m,100,4,MC_KM++,JSD,sparse,time,1090.0035467147827
Cao2m,100,4,MC_KM++,JSD,sparse,cost,147444.57346655242
Cao2m,100,4,MC_KMLS++,JSD,sparse,time,3481.0402081012726
Cao2m,100,4,MC_KMLS++,JSD,sparse,cost,148064.168962162
Cao2m,100,4,MC_KM++,MKL,sparse,time,864.5995378494263
Cao2m,100,4,MC_KM++,MKL,sparse,cost,596484.0508523658
Cao2m,100,4,MC_KMLS++,MKL,sparse,time,2799.066104412079
Cao2m,100,4,MC_KMLS++,MKL,sparse,cost,627852.830147922
Cao2m,100,4,MC_KM++,HELL,sparse,time,768.5763840675354
Cao2m,100,4,MC_KM++,HELL,sparse,cost,564048.0901368522
Cao2m,100,4,MC_KMLS++,HELL,sparse,time,2449.3635597229004
Cao2m,100,4,MC_KMLS++,HELL,sparse,cost,562848.4638721073
Cao2m,100,4,MC_KM++,BATMET,sparse,time,724.3543543815613
Cao2m,100,4,MC_KM++,BATMET,sparse,cost,375637.8723603151
Cao2m,100,4,MC_KMLS++,BATMET,sparse,time,2255.1786115169525
Cao2m,100,4,MC_KMLS++,BATMET,sparse,cost,372208.25311718415
Cao2m,100,4,MC_KM++,BATDIST,sparse,time,692.656320810318
Cao2m,100,4,MC_KM++,BATDIST,sparse,cost,375177.03574335657
Cao2m,100,4,MC_KMLS++,BATDIST,sparse,time,2217.766063928604
Cao2m,100,4,MC_KMLS++,BATDIST,sparse,cost,374024.55936909706
Cao2m,100,4,MC_KM++,RMKL,sparse,time,927.9691562652588
Cao2m,100,4,MC_KM++,RMKL,sparse,cost,860917.2048032135
Cao2m,100,4,MC_KMLS++,RMKL,sparse,time,2775.815452814102
Cao2m,100,4,MC_KMLS++,RMKL,sparse,cost,613325.5439882427
Cao2m,100,4,SKL_KMplusplus,SQRL2,dense,time,3909.559807538986
Cao2m,100,4,SKL_KMplusplus,SQRL2,dense,cost,1e+308
Cao2m,100,4,MC_KMplusplus,SQRL2,dense,time,155.49234342575073
Cao2m,100,4,MC_KMplusplus,SQRL2,dense,cost,2595534080
Cao2m,100,4,MC_KMpp_and_LSpp,SQRL2,dense,time,459.24419927597046
Cao2m,100,4,MC_KMplusplusLSpp,SQRL2,dense,cost,2607383552
Cao4m,3,4,SKL_KMplusplus,SQRL2,sparse,time,1419.996778011322
Cao4m,3,4,SKL_KMplusplus,SQRL2,sparse,cost,32829689856
Cao4m,3,4,MC_KMplusplus,SQRL2,sparse,time,95.95924353599548
Cao4m,3,4,MC_KMplusplus,SQRL2,sparse,cost,28993266333
Cao4m,3,4,MC_KMpp_and_LSpp,SQRL2,sparse,time,271.5108962059021
Cao4m,3,4,MC_KMplusplusLSpp,SQRL2,sparse,cost,27023812113
Cao4m,3,4,MC_KM++,JSD,sparse,time,68.68312168121338
Cao4m,3,4,MC_KM++,JSD,sparse,cost,181301.48514630832
Cao4m,3,4,MC_KMLS++,JSD,sparse,time,270.6289553642273
Cao4m,3,4,MC_KMLS++,JSD,sparse,cost,175331.58958272263
Cao4m,3,4,MC_KM++,MKL,sparse,time,48.52795100212097
Cao4m,3,4,MC_KM++,MKL,sparse,cost,711312.6057626931
Cao4m,3,4,MC_KMLS++,MKL,sparse,time,283.1112723350525
Cao4m,3,4,MC_KMLS++,MKL,sparse,cost,703801.4799875878
Cao4m,3,4,MC_KM++,HELL,sparse,time,56.03694987297058
Cao4m,3,4,MC_KM++,HELL,sparse,cost,908151.3445986066
Cao4m,3,4,MC_KMLS++,HELL,sparse,time,237.0701038837433
Cao4m,3,4,MC_KMLS++,HELL,sparse,cost,850956.8684236691
Cao4m,3,4,MC_KM++,BATMET,sparse,time,60.545565366744995
Cao4m,3,4,MC_KM++,BATMET,sparse,cost,469071.28257421183
Cao4m,3,4,MC_KMLS++,BATMET,sparse,time,248.50713229179382
Cao4m,3,4,MC_KMLS++,BATMET,sparse,cost,455914.76092816493
Cao4m,3,4,MC_KM++,BATDIST,sparse,time,37.891679763793945
Cao4m,3,4,MC_KM++,BATDIST,sparse,cost,476390.6755979159
Cao4m,3,4,MC_KMLS++,BATDIST,sparse,time,212.68352961540222
Cao4m,3,4,MC_KMLS++,BATDIST,sparse,cost,448875.07493141707
Cao4m,3,4,MC_KM++,RMKL,sparse,time,54.1940975189209
Cao4m,3,4,MC_KM++,RMKL,sparse,cost,1214805.6023630574
Cao4m,3,4,MC_KMLS++,RMKL,sparse,time,265.8969202041626
Cao4m,3,4,MC_KMLS++,RMKL,sparse,cost,905638.5096541271
Cao4m,3,4,SKL_KMplusplus,SQRL2,dense,time,332.9935131072998
Cao4m,3,4,SKL_KMplusplus,SQRL2,dense,cost,1e+308
Cao4m,3,4,MC_KMplusplus,SQRL2,dense,time,10.508665561676025
Cao4m,3,4,MC_KMplusplus,SQRL2,dense,cost,23452866560
Cao4m,3,4,MC_KMpp_and_LSpp,SQRL2,dense,time,44.66463279724121
Cao4m,3,4,MC_KMplusplusLSpp,SQRL2,dense,cost,19979286528
Cao4m,10,4,SKL_KMplusplus,SQRL2,sparse,time,4188.529011011124
Cao4m,10,4,SKL_KMplusplus,SQRL2,sparse,cost,22881640448
Cao4m,10,4,MC_KMplusplus,SQRL2,sparse,time,186.9795994758606
Cao4m,10,4,MC_KMplusplus,SQRL2,sparse,cost,24639644144
Cao4m,10,4,MC_KMpp_and_LSpp,SQRL2,sparse,time,721.6367433071136
Cao4m,10,4,MC_KMplusplusLSpp,SQRL2,sparse,cost,22364927865
Cao4m,10,4,MC_KM++,JSD,sparse,time,214.81240725517273
Cao4m,10,4,MC_KM++,JSD,sparse,cost,173634.3074560929
Cao4m,10,4,MC_KMLS++,JSD,sparse,time,803.8000013828278
Cao4m,10,4,MC_KMLS++,JSD,sparse,cost,165078.4504362438
Cao4m,10,4,MC_KM++,MKL,sparse,time,189.4811224937439
Cao4m,10,4,MC_KM++,MKL,sparse,cost,787498.8144090697
Cao4m,10,4,MC_KMLS++,MKL,sparse,time,623.8695256710052
Cao4m,10,4,MC_KMLS++,MKL,sparse,cost,702918.4319646806
Cao4m,10,4,MC_KM++,HELL,sparse,time,172.28405737876892
Cao4m,10,4,MC_KM++,HELL,sparse,cost,869583.0365024725
Cao4m,10,4,MC_KMLS++,HELL,sparse,time,516.7017188072205
Cao4m,10,4,MC_KMLS++,HELL,sparse,cost,850920.355944638
Cao4m,10,4,MC_KM++,BATMET,sparse,time,171.5354871749878
Cao4m,10,4,MC_KM++,BATMET,sparse,cost,452759.04575077834
Cao4m,10,4,MC_KMLS++,BATMET,sparse,time,570.9478070735931
Cao4m,10,4,MC_KMLS++,BATMET,sparse,cost,439534.4261480303
Cao4m,10,4,MC_KM++,BATDIST,sparse,time,152.17245531082153
Cao4m,10,4,MC_KM++,BATDIST,sparse,cost,447880.24256614345
Cao4m,10,4,MC_KMLS++,BATDIST,sparse,time,552.4878032207489
Cao4m,10,4,MC_KMLS++,BATDIST,sparse,cost,431572.2173912216
Cao4m,10,4,MC_KM++,RMKL,sparse,time,215.2218713760376
Cao4m,10,4,MC_KM++,RMKL,sparse,cost,1041054.3681689873
Cao4m,10,4,MC_KMLS++,RMKL,sparse,time,650.6332564353943
Cao4m,10,4,MC_KMLS++,RMKL,sparse,cost,778240.3343474269
Cao4m,10,4,SKL_KMplusplus,SQRL2,dense,time,900.988429069519
Cao4m,10,4,SKL_KMplusplus,SQRL2,dense,cost,1e+308
Cao4m,10,4,MC_KMplusplus,SQRL2,dense,time,37.24060773849487
Cao4m,10,4,MC_KMplusplus,SQRL2,dense,cost,19694712832
Cao4m,10,4,MC_KMpp_and_LSpp,SQRL2,dense,time,128.50554132461548
Cao4m,10,4,MC_KMplusplusLSpp,SQRL2,dense,cost,17007081472
dataset,k,nthreads,name,distance,sparsity,measure,value
PBMC,3,16,SKL_KMplusplus,SQRL2,sparse,time,9.713314771652222
PBMC,3,16,SKL_KMplusplus,SQRL2,sparse,cost,294952864
PBMC,3,16,MC_KMplusplus,SQRL2,sparse,time,0.1930382251739502
PBMC,3,16,MC_KMplusplus,SQRL2,sparse,cost,334521065
PBMC,3,16,MC_KMpp_and_LSpp,SQRL2,sparse,time,0.9208712577819824
PBMC,3,16,MC_KMplusplusLSpp,SQRL2,sparse,cost,285476892
PBMC,3,16,MC_KM++,JSD,sparse,time,0.18994879722595215
PBMC,3,16,MC_KM++,JSD,sparse,cost,3653.1488412320614
PBMC,3,16,MC_KMLS++,JSD,sparse,time,1.17600417137146
PBMC,3,16,MC_KMLS++,JSD,sparse,cost,3674.5971381627023
PBMC,3,16,MC_KM++,MKL,sparse,time,0.19019746780395508
PBMC,3,16,MC_KM++,MKL,sparse,cost,18749.11071780324
PBMC,3,16,MC_KMLS++,MKL,sparse,time,0.9042634963989258
PBMC,3,16,MC_KMLS++,MKL,sparse,cost,17113.815317973495
PBMC,3,16,MC_KM++,HELL,sparse,time,0.1699838638305664
PBMC,3,16,MC_KM++,HELL,sparse,cost,17253.83959772333
PBMC,3,16,MC_KMLS++,HELL,sparse,time,0.9909284114837646
PBMC,3,16,MC_KMLS++,HELL,sparse,cost,16931.11404192615
PBMC,3,16,MC_KM++,BATMET,sparse,time,0.13810133934020996
PBMC,3,16,MC_KM++,BATMET,sparse,cost,10642.614355646518
PBMC,3,16,MC_KMLS++,BATMET,sparse,time,0.7859313488006592
PBMC,3,16,MC_KMLS++,BATMET,sparse,cost,10006.270374662661
PBMC,3,16,MC_KM++,BATDIST,sparse,time,0.16681385040283203
PBMC,3,16,MC_KM++,BATDIST,sparse,cost,11422.780438848527
PBMC,3,16,MC_KMLS++,BATDIST,sparse,time,0.6924071311950684
PBMC,3,16,MC_KMLS++,BATDIST,sparse,cost,9961.42847252344
PBMC,3,16,MC_KM++,LLR,sparse,time,0.21053647994995117
PBMC,3,16,MC_KM++,LLR,sparse,cost,34523945.14554279
PBMC,3,16,MC_KMLS++,LLR,sparse,time,1.0383260250091553
PBMC,3,16,MC_KMLS++,LLR,sparse,cost,34189819.556394264
PBMC,3,16,MC_KM++,RMKL,sparse,time,0.19964909553527832
PBMC,3,16,MC_KM++,RMKL,sparse,cost,21405.442080169916
PBMC,3,16,MC_KMLS++,RMKL,sparse,time,0.8400604724884033
PBMC,3,16,MC_KMLS++,RMKL,sparse,cost,16722.949290946126
PBMC,3,16,MC_KM++,UWLLR,sparse,time,0.20982789993286133
PBMC,3,16,MC_KM++,UWLLR,sparse,cost,3996.805275224149
PBMC,3,16,MC_KMLS++,UWLLR,sparse,time,1.0419836044311523
PBMC,3,16,MC_KMLS++,UWLLR,sparse,cost,3621.031236940995
PBMC,3,16,SK,SQRL2,sparse,time,1.644986867904663
PBMC,3,16,SK,SQRL2,sparse,cost,1e+308
PBMC,3,16,MC_KMplusplus,SQRL2,dense,time,0.18878173828125
PBMC,3,16,MC_KMplusplus,SQRL2,dense,cost,274809248
PBMC,3,16,MC_KMpp_and_LSpp,SQRL2,dense,time,0.8509659767150879
PBMC,3,16,MC_KMplusplusLSpp,SQRL2,dense,cost,245710080.0
PBMC,10,16,SKL_KMplusplus,SQRL2,sparse,time,31.336230993270874
PBMC,10,16,SKL_KMplusplus,SQRL2,sparse,cost,257041200
PBMC,10,16,MC_KMplusplus,SQRL2,sparse,time,0.6046066284179688
PBMC,10,16,MC_KMplusplus,SQRL2,sparse,cost,273559286
PBMC,10,16,MC_KMpp_and_LSpp,SQRL2,sparse,time,2.251664161682129
PBMC,10,16,MC_KMplusplusLSpp,SQRL2,sparse,cost,249421349
PBMC,10,16,MC_KM++,JSD,sparse,time,0.7970657348632812
PBMC,10,16,MC_KM++,JSD,sparse,cost,3609.0234084539115
PBMC,10,16,MC_KMLS++,JSD,sparse,time,3.096914529800415
PBMC,10,16,MC_KMLS++,JSD,sparse,cost,3579.600760605186
PBMC,10,16,MC_KM++,MKL,sparse,time,0.6406378746032715
PBMC,10,16,MC_KM++,MKL,sparse,cost,16637.535573869944
PBMC,10,16,MC_KMLS++,MKL,sparse,time,2.70481276512146
PBMC,10,16,MC_KMLS++,MKL,sparse,cost,15047.699620336294
PBMC,10,16,MC_KM++,HELL,sparse,time,0.6645207405090332
PBMC,10,16,MC_KM++,HELL,sparse,cost,16580.921058661053
PBMC,10,16,MC_KMLS++,HELL,sparse,time,2.4714431762695312
PBMC,10,16,MC_KMLS++,HELL,sparse,cost,16231.783644256902
PBMC,10,16,MC_KM++,BATMET,sparse,time,0.5396463871002197
PBMC,10,16,MC_KM++,BATMET,sparse,cost,9822.959147854926
PBMC,10,16,MC_KMLS++,BATMET,sparse,time,2.453824281692505
PBMC,10,16,MC_KMLS++,BATMET,sparse,cost,9894.670488219566
PBMC,10,16,MC_KM++,BATDIST,sparse,time,0.545231819152832
PBMC,10,16,MC_KM++,BATDIST,sparse,cost,9680.926473523086
PBMC,10,16,MC_KMLS++,BATDIST,sparse,time,2.1740081310272217
PBMC,10,16,MC_KMLS++,BATDIST,sparse,cost,9647.7658664944
PBMC,10,16,MC_KM++,LLR,sparse,time,0.810746431350708
PBMC,10,16,MC_KM++,LLR,sparse,cost,33874116.42732953
PBMC,10,16,MC_KMLS++,LLR,sparse,time,3.293895959854126
PBMC,10,16,MC_KMLS++,LLR,sparse,cost,32946105.14425153
PBMC,10,16,MC_KM++,RMKL,sparse,time,0.6923484802246094
PBMC,10,16,MC_KM++,RMKL,sparse,cost,18519.543810889125
PBMC,10,16,MC_KMLS++,RMKL,sparse,time,2.915257692337036
PBMC,10,16,MC_KMLS++,RMKL,sparse,cost,18572.80829922855
PBMC,10,16,MC_KM++,UWLLR,sparse,time,0.851442813873291
PBMC,10,16,MC_KM++,UWLLR,sparse,cost,3514.255895342678
PBMC,10,16,MC_KMLS++,UWLLR,sparse,time,2.9778389930725098
PBMC,10,16,MC_KMLS++,UWLLR,sparse,cost,3429.3262706175447
PBMC,10,16,SK,SQRL2,sparse,time,5.103738069534302
PBMC,10,16,SK,SQRL2,sparse,cost,1e+308
PBMC,10,16,MC_KMplusplus,SQRL2,dense,time,0.53829026222229
PBMC,10,16,MC_KMplusplus,SQRL2,dense,cost,215151760
PBMC,10,16,MC_KMpp_and_LSpp,SQRL2,dense,time,1.8810031414031982
PBMC,10,16,MC_KMplusplusLSpp,SQRL2,dense,cost,208075408.0
PBMC,25,16,SKL_KMplusplus,SQRL2,sparse,time,85.33266711235046
PBMC,25,16,SKL_KMplusplus,SQRL2,sparse,cost,236788704
PBMC,25,16,MC_KMplusplus,SQRL2,sparse,time,1.64705491065979
PBMC,25,16,MC_KMplusplus,SQRL2,sparse,cost,241270057
PBMC,25,16,MC_KMpp_and_LSpp,SQRL2,sparse,time,5.336191177368164
PBMC,25,16,MC_KMplusplusLSpp,SQRL2,sparse,cost,230912559
PBMC,25,16,MC_KM++,JSD,sparse,time,1.9834201335906982
PBMC,25,16,MC_KM++,JSD,sparse,cost,3568.302238702774
PBMC,25,16,MC_KMLS++,JSD,sparse,time,7.097574949264526
PBMC,25,16,MC_KMLS++,JSD,sparse,cost,3535.630750387907
PBMC,25,16,MC_KM++,MKL,sparse,time,1.7111024856567383
PBMC,25,16,MC_KM++,MKL,sparse,cost,16967.68227121234
PBMC,25,16,MC_KMLS++,MKL,sparse,time,6.085315942764282
PBMC,25,16,MC_KMLS++,MKL,sparse,cost,15900.472894862294
PBMC,25,16,MC_KM++,HELL,sparse,time,1.4672935009002686
PBMC,25,16,MC_KM++,HELL,sparse,cost,16198.19556211895
PBMC,25,16,MC_KMLS++,HELL,sparse,time,5.484342813491821
PBMC,25,16,MC_KMLS++,HELL,sparse,cost,15842.284943675286
PBMC,25,16,MC_KM++,BATMET,sparse,time,1.4286234378814697
PBMC,25,16,MC_KM++,BATMET,sparse,cost,9416.781768027071
PBMC,25,16,MC_KMLS++,BATMET,sparse,time,4.953024625778198
PBMC,25,16,MC_KMLS++,BATMET,sparse,cost,9325.984349096067
PBMC,25,16,MC_KM++,BATDIST,sparse,time,1.3672511577606201
PBMC,25,16,MC_KM++,BATDIST,sparse,cost,9211.091940659357
PBMC,25,16,MC_KMLS++,BATDIST,sparse,time,4.698728561401367
PBMC,25,16,MC_KMLS++,BATDIST,sparse,cost,9249.108294683385
PBMC,25,16,MC_KM++,LLR,sparse,time,1.922025203704834
PBMC,25,16,MC_KM++,LLR,sparse,cost,32224735.370652582
PBMC,25,16,MC_KMLS++,LLR,sparse,time,6.922758340835571
PBMC,25,16,MC_KMLS++,LLR,sparse,cost,31280750.929607198
PBMC,25,16,MC_KM++,RMKL,sparse,time,1.583247184753418
PBMC,25,16,MC_KM++,RMKL,sparse,cost,18360.298669859767
PBMC,25,16,MC_KMLS++,RMKL,sparse,time,5.889188051223755
PBMC,25,16,MC_KMLS++,RMKL,sparse,cost,16805.926754057407
PBMC,25,16,MC_KM++,UWLLR,sparse,time,1.934525966644287
PBMC,25,16,MC_KM++,UWLLR,sparse,cost,3528.8189941495657
PBMC,25,16,MC_KMLS++,UWLLR,sparse,time,6.70042610168457
PBMC,25,16,MC_KMLS++,UWLLR,sparse,cost,3384.2048530709
PBMC,25,16,SK,SQRL2,sparse,time,10.901845693588257
PBMC,25,16,SK,SQRL2,sparse,cost,1e+308
PBMC,25,16,MC_KMplusplus,SQRL2,dense,time,1.3484182357788086
PBMC,25,16,MC_KMplusplus,SQRL2,dense,cost,181567056
PBMC,25,16,MC_KMpp_and_LSpp,SQRL2,dense,time,4.145448446273804
PBMC,25,16,MC_KMplusplusLSpp,SQRL2,dense,cost,179414288.0
PBMC,50,16,SKL_KMplusplus,SQRL2,sparse,time,171.94427585601807
PBMC,50,16,SKL_KMplusplus,SQRL2,sparse,cost,217695488
PBMC,50,16,MC_KMplusplus,SQRL2,sparse,time,2.9104182720184326
PBMC,50,16,MC_KMplusplus,SQRL2,sparse,cost,215140061
PBMC,50,16,MC_KMpp_and_LSpp,SQRL2,sparse,time,10.051564455032349
PBMC,50,16,MC_KMplusplusLSpp,SQRL2,sparse,cost,216663153
PBMC,50,16,MC_KM++,JSD,sparse,time,4.1469573974609375
PBMC,50,16,MC_KM++,JSD,sparse,cost,3465.308870056644
PBMC,50,16,MC_KMLS++,JSD,sparse,time,12.976491689682007
PBMC,50,16,MC_KMLS++,JSD,sparse,cost,3399.1755207702518
PBMC,50,16,MC_KM++,MKL,sparse,time,3.3093531131744385
PBMC,50,16,MC_KM++,MKL,sparse,cost,15360.711620494723
PBMC,50,16,MC_KMLS++,MKL,sparse,time,11.450992584228516
PBMC,50,16,MC_KMLS++,MKL,sparse,cost,16176.691895924509
PBMC,50,16,MC_KM++,HELL,sparse,time,3.0145721435546875
PBMC,50,16,MC_KM++,HELL,sparse,cost,16072.199842288235
PBMC,50,16,MC_KMLS++,HELL,sparse,time,10.233503341674805
PBMC,50,16,MC_KMLS++,HELL,sparse,cost,15967.474658723604
PBMC,50,16,MC_KM++,BATMET,sparse,time,2.63348126411438
PBMC,50,16,MC_KM++,BATMET,sparse,cost,9102.932871948295
PBMC,50,16,MC_KMLS++,BATMET,sparse,time,8.96182656288147
PBMC,50,16,MC_KMLS++,BATMET,sparse,cost,8956.746708128463
PBMC,50,16,MC_KM++,BATDIST,sparse,time,2.6623952388763428
PBMC,50,16,MC_KM++,BATDIST,sparse,cost,8995.030153060656
PBMC,50,16,MC_KMLS++,BATDIST,sparse,time,9.107718467712402
PBMC,50,16,MC_KMLS++,BATDIST,sparse,cost,9136.89904792749
PBMC,50,16,MC_KM++,LLR,sparse,time,3.982462167739868
PBMC,50,16,MC_KM++,LLR,sparse,cost,31642482.3608482
PBMC,50,16,MC_KMLS++,LLR,sparse,time,13.041764974594116
PBMC,50,16,MC_KMLS++,LLR,sparse,cost,30362084.371168584
PBMC,50,16,MC_KM++,RMKL,sparse,time,3.2504196166992188
PBMC,50,16,MC_KM++,RMKL,sparse,cost,18045.269994862378
PBMC,50,16,MC_KMLS++,RMKL,sparse,time,11.248533487319946
PBMC,50,16,MC_KMLS++,RMKL,sparse,cost,15706.265051558614
PBMC,50,16,MC_KM++,UWLLR,sparse,time,3.756279945373535
PBMC,50,16,MC_KM++,UWLLR,sparse,cost,3465.418178739026
PBMC,50,16,MC_KMLS++,UWLLR,sparse,time,13.316854476928711
PBMC,50,16,MC_KMLS++,UWLLR,sparse,cost,3388.9732526186854
PBMC,50,16,SK,SQRL2,sparse,time,22.10320806503296
PBMC,50,16,SK,SQRL2,sparse,cost,1e+308
PBMC,50,16,MC_KMplusplus,SQRL2,dense,time,2.53804612159729
PBMC,50,16,MC_KMplusplus,SQRL2,dense,cost,169737104
PBMC,50,16,MC_KMpp_and_LSpp,SQRL2,dense,time,8.2592134475708
PBMC,50,16,MC_KMplusplusLSpp,SQRL2,dense,cost,162196480.0
PBMC,100,16,SKL_KMplusplus,SQRL2,sparse,time,351.9086802005768
PBMC,100,16,SKL_KMplusplus,SQRL2,sparse,cost,211406560
PBMC,100,16,MC_KMplusplus,SQRL2,sparse,time,5.912714958190918
PBMC,100,16,MC_KMplusplus,SQRL2,sparse,cost,209082045
PBMC,100,16,MC_KMpp_and_LSpp,SQRL2,sparse,time,20.00949454307556
PBMC,100,16,MC_KMplusplusLSpp,SQRL2,sparse,cost,207156012
PBMC,100,16,MC_KM++,JSD,sparse,time,7.617289781570435
PBMC,100,16,MC_KM++,JSD,sparse,cost,3336.846742572263
PBMC,100,16,MC_KMLS++,JSD,sparse,time,25.83222985267639
PBMC,100,16,MC_KMLS++,JSD,sparse,cost,3322.016472708434
PBMC,100,16,MC_KM++,MKL,sparse,time,6.64868426322937
PBMC,100,16,MC_KM++,MKL,sparse,cost,14566.446569532156
PBMC,100,16,MC_KMLS++,MKL,sparse,time,22.139071941375732
PBMC,100,16,MC_KMLS++,MKL,sparse,cost,15160.86144707352
PBMC,100,16,MC_KM++,HELL,sparse,time,5.945358037948608
PBMC,100,16,MC_KM++,HELL,sparse,cost,15995.142759244081
PBMC,100,16,MC_KMLS++,HELL,sparse,time,19.932596921920776
PBMC,100,16,MC_KMLS++,HELL,sparse,cost,15783.861223968066
PBMC,100,16,MC_KM++,BATMET,sparse,time,5.4947288036346436
PBMC,100,16,MC_KM++,BATMET,sparse,cost,8918.120623522871
PBMC,100,16,MC_KMLS++,BATMET,sparse,time,17.833553791046143
PBMC,100,16,MC_KMLS++,BATMET,sparse,cost,8878.633721740116
PBMC,100,16,MC_KM++,BATDIST,sparse,time,5.3136560916900635
PBMC,100,16,MC_KM++,BATDIST,sparse,cost,8877.751771001149
PBMC,100,16,MC_KMLS++,BATDIST,sparse,time,17.2785427570343
PBMC,100,16,MC_KMLS++,BATDIST,sparse,cost,8894.433008185693
PBMC,100,16,MC_KM++,LLR,sparse,time,7.751476287841797
PBMC,100,16,MC_KM++,LLR,sparse,cost,30386392.445182864
PBMC,100,16,MC_KMLS++,LLR,sparse,time,26.163387060165405
PBMC,100,16,MC_KMLS++,LLR,sparse,cost,29743339.332582355
PBMC,100,16,MC_KM++,RMKL,sparse,time,6.600603342056274
PBMC,100,16,MC_KM++,RMKL,sparse,cost,17507.07112507522
PBMC,100,16,MC_KMLS++,RMKL,sparse,time,22.87741470336914
PBMC,100,16,MC_KMLS++,RMKL,sparse,cost,15039.923390239477
PBMC,100,16,MC_KM++,UWLLR,sparse,time,7.877480745315552
PBMC,100,16,MC_KM++,UWLLR,sparse,cost,3363.8315566256642
PBMC,100,16,MC_KMLS++,UWLLR,sparse,time,25.980321168899536
PBMC,100,16,MC_KMLS++,UWLLR,sparse,cost,3283.010190634057
PBMC,100,16,SK,SQRL2,sparse,time,42.061158180236816
PBMC,100,16,SK,SQRL2,sparse,cost,1e+308
PBMC,100,16,MC_KMplusplus,SQRL2,dense,time,5.1148152351379395
PBMC,100,16,MC_KMplusplus,SQRL2,dense,cost,156132576
PBMC,100,16,MC_KMpp_and_LSpp,SQRL2,dense,time,15.054729700088501
PBMC,100,16,MC_KMplusplusLSpp,SQRL2,dense,cost,155113632.0
Cao2m,3,16,SKL_KMplusplus,SQRL2,sparse,time,300.6070668697357
Cao2m,3,16,SKL_KMplusplus,SQRL2,sparse,cost,6780290560
Cao2m,3,16,MC_KMplusplus,SQRL2,sparse,time,5.043298006057739
Cao2m,3,16,MC_KMplusplus,SQRL2,sparse,cost,6872929747
Cao2m,3,16,MC_KMpp_and_LSpp,SQRL2,sparse,time,30.625808000564575
Cao2m,3,16,MC_KMplusplusLSpp,SQRL2,sparse,cost,6303149382
Cao2m,3,16,MC_KM++,JSD,sparse,time,7.06908917427063
Cao2m,3,16,MC_KM++,JSD,sparse,cost,162199.82597587258
Cao2m,3,16,MC_KMLS++,JSD,sparse,time,38.4640793800354
Cao2m,3,16,MC_KMLS++,JSD,sparse,cost,150936.07336865738
Cao2m,3,16,MC_KM++,MKL,sparse,time,5.468784332275391
Cao2m,3,16,MC_KM++,MKL,sparse,cost,764334.1595649868
Cao2m,3,16,MC_KMLS++,MKL,sparse,time,38.0694785118103
Cao2m,3,16,MC_KMLS++,MKL,sparse,cost,653908.1029089987
Cao2m,3,16,MC_KM++,HELL,sparse,time,6.587539911270142
Cao2m,3,16,MC_KM++,HELL,sparse,cost,670169.1329720113
Cao2m,3,16,MC_KMLS++,HELL,sparse,time,33.24493074417114
Cao2m,3,16,MC_KMLS++,HELL,sparse,cost,590349.2632747351
Cao2m,3,16,MC_KM++,BATMET,sparse,time,4.388168811798096
Cao2m,3,16,MC_KM++,BATMET,sparse,cost,411614.7143663425
Cao2m,3,16,MC_KMLS++,BATMET,sparse,time,25.747802734375
Cao2m,3,16,MC_KMLS++,BATMET,sparse,cost,401879.5129755475
Cao2m,3,16,MC_KM++,BATDIST,sparse,time,5.0794456005096436
Cao2m,3,16,MC_KM++,BATDIST,sparse,cost,415976.57007020456
Cao2m,3,16,MC_KMLS++,BATDIST,sparse,time,26.076403617858887
Cao2m,3,16,MC_KMLS++,BATDIST,sparse,cost,404173.03443151014
Cao2m,3,16,MC_KM++,LLR,sparse,time,8.03814148902893
Cao2m,3,16,MC_KM++,LLR,sparse,cost,1116023747.8072238
Cao2m,3,16,MC_KMLS++,LLR,sparse,time,41.65865683555603
Cao2m,3,16,MC_KMLS++,LLR,sparse,cost,966902842.3402731
Cao2m,3,16,MC_KM++,RMKL,sparse,time,6.427218914031982
Cao2m,3,16,MC_KM++,RMKL,sparse,cost,897872.4303884655
Cao2m,3,16,MC_KMLS++,RMKL,sparse,time,36.81994080543518
Cao2m,3,16,MC_KMLS++,RMKL,sparse,cost,890277.6420737058
Cao2m,3,16,MC_KM++,UWLLR,sparse,time,7.976704120635986
Cao2m,3,16,MC_KM++,UWLLR,sparse,cost,172024.9667748101
Cao2m,3,16,MC_KMLS++,UWLLR,sparse,time,33.24091291427612
Cao2m,3,16,MC_KMLS++,UWLLR,sparse,cost,143701.1028607227
Cao2m,3,16,SK,SQRL2,sparse,time,66.65318727493286
Cao2m,3,16,SK,SQRL2,sparse,cost,1e+308
Cao2m,3,16,MC_KMplusplus,SQRL2,dense,time,5.007473707199097
Cao2m,3,16,MC_KMplusplus,SQRL2,dense,cost,5404792320
Cao2m,3,16,MC_KMpp_and_LSpp,SQRL2,dense,time,21.41457176208496
Cao2m,3,16,MC_KMplusplusLSpp,SQRL2,dense,cost,4141528576.0
Cao2m,10,16,SKL_KMplusplus,SQRL2,sparse,time,1028.8847699165344
Cao2m,10,16,SKL_KMplusplus,SQRL2,sparse,cost,5621362176
Cao2m,10,16,MC_KMplusplus,SQRL2,sparse,time,22.348204851150513
Cao2m,10,16,MC_KMplusplus,SQRL2,sparse,cost,6265598994
Cao2m,10,16,MC_KMpp_and_LSpp,SQRL2,sparse,time,79.34231972694397
Cao2m,10,16,MC_KMplusplusLSpp,SQRL2,sparse,cost,6240221683
Cao2m,10,16,MC_KM++,JSD,sparse,time,27.574777841567993
Cao2m,10,16,MC_KM++,JSD,sparse,cost,153569.51429818943
Cao2m,10,16,MC_KMLS++,JSD,sparse,time,95.22123003005981
Cao2m,10,16,MC_KMLS++,JSD,sparse,cost,151017.17895462178
Cao2m,10,16,MC_KM++,MKL,sparse,time,26.185593128204346
Cao2m,10,16,MC_KM++,MKL,sparse,cost,903011.7421298921
Cao2m,10,16,MC_KMLS++,MKL,sparse,time,80.09745740890503
Cao2m,10,16,MC_KMLS++,MKL,sparse,cost,729950.725293383
Cao2m,10,16,MC_KM++,HELL,sparse,time,20.805392742156982
Cao2m,10,16,MC_KM++,HELL,sparse,cost,625113.9499218867
Cao2m,10,16,MC_KMLS++,HELL,sparse,time,77.77335023880005
Cao2m,10,16,MC_KMLS++,HELL,sparse,cost,571075.6861393538
Cao2m,10,16,MC_KM++,BATMET,sparse,time,20.777830123901367
Cao2m,10,16,MC_KM++,BATMET,sparse,cost,394756.75636865495
Cao2m,10,16,MC_KMLS++,BATMET,sparse,time,71.28096532821655
Cao2m,10,16,MC_KMLS++,BATMET,sparse,cost,390533.0612452993
Cao2m,10,16,MC_KM++,BATDIST,sparse,time,17.813782930374146
Cao2m,10,16,MC_KM++,BATDIST,sparse,cost,402277.38454845303
Cao2m,10,16,MC_KMLS++,BATDIST,sparse,time,75.52204513549805
Cao2m,10,16,MC_KMLS++,BATDIST,sparse,cost,397003.79363707383
Cao2m,10,16,MC_KM++,LLR,sparse,time,25.73352074623108
Cao2m,10,16,MC_KM++,LLR,sparse,cost,1057407935.1183195
Cao2m,10,16,MC_KMLS++,LLR,sparse,time,96.5285291671753
Cao2m,10,16,MC_KMLS++,LLR,sparse,cost,944078132.9104505
Cao2m,10,16,MC_KM++,RMKL,sparse,time,24.2531476020813
Cao2m,10,16,MC_KM++,RMKL,sparse,cost,879834.6606413275
Cao2m,10,16,MC_KMLS++,RMKL,sparse,time,82.51603031158447
Cao2m,10,16,MC_KMLS++,RMKL,sparse,cost,641097.6944767833
Cao2m,10,16,MC_KM++,UWLLR,sparse,time,27.599968910217285
Cao2m,10,16,MC_KM++,UWLLR,sparse,cost,150118.3334769979
Cao2m,10,16,MC_KMLS++,UWLLR,sparse,time,99.6322181224823
Cao2m,10,16,MC_KMLS++,UWLLR,sparse,cost,150799.29306077957
Cao2m,10,16,SK,SQRL2,sparse,time,174.84030961990356
Cao2m,10,16,SK,SQRL2,sparse,cost,1e+308
Cao2m,10,16,MC_KMplusplus,SQRL2,dense,time,14.44564151763916
Cao2m,10,16,MC_KMplusplus,SQRL2,dense,cost,3939670272
Cao2m,10,16,MC_KMpp_and_LSpp,SQRL2,dense,time,52.39240002632141
Cao2m,10,16,MC_KMplusplusLSpp,SQRL2,dense,cost,3661682944.0
Cao2m,25,16,SKL_KMplusplus,SQRL2,sparse,time,2686.6285042762756
Cao2m,25,16,SKL_KMplusplus,SQRL2,sparse,cost,4946308608
Cao2m,25,16,MC_KMplusplus,SQRL2,sparse,time,58.25076937675476
Cao2m,25,16,MC_KMplusplus,SQRL2,sparse,cost,5579782071
Cao2m,25,16,MC_KMpp_and_LSpp,SQRL2,sparse,time,181.25592589378357
Cao2m,25,16,MC_KMplusplusLSpp,SQRL2,sparse,cost,5252950845
Cao2m,25,16,MC_KM++,JSD,sparse,time,71.56521368026733
Cao2m,25,16,MC_KM++,JSD,sparse,cost,150710.04496981204
Cao2m,25,16,MC_KMLS++,JSD,sparse,time,212.70170283317566
Cao2m,25,16,MC_KMLS++,JSD,sparse,cost,148639.79219434224
Cao2m,25,16,MC_KM++,MKL,sparse,time,55.895658016204834
Cao2m,25,16,MC_KM++,MKL,sparse,cost,599341.1454449892
Cao2m,25,16,MC_KMLS++,MKL,sparse,time,195.23506116867065
Cao2m,25,16,MC_KMLS++,MKL,sparse,cost,711058.4978030026
Cao2m,25,16,MC_KM++,HELL,sparse,time,49.733580112457275
Cao2m,25,16,MC_KM++,HELL,sparse,cost,587653.0680321978
Cao2m,25,16,MC_KMLS++,HELL,sparse,time,175.8836953639984
Cao2m,25,16,MC_KMLS++,HELL,sparse,cost,572901.946899925
Cao2m,25,16,MC_KM++,BATMET,sparse,time,48.40804719924927
Cao2m,25,16,MC_KM++,BATMET,sparse,cost,384861.11237843527
Cao2m,25,16,MC_KMLS++,BATMET,sparse,time,157.41151022911072
Cao2m,25,16,MC_KMLS++,BATMET,sparse,cost,382431.5855736001
Cao2m,25,16,MC_KM++,BATDIST,sparse,time,49.82497978210449
Cao2m,25,16,MC_KM++,BATDIST,sparse,cost,382359.93723904964
Cao2m,25,16,MC_KMLS++,BATDIST,sparse,time,162.03159022331238
Cao2m,25,16,MC_KMLS++,BATDIST,sparse,cost,382534.3677594742
Cao2m,25,16,MC_KM++,LLR,sparse,time,73.04052901268005
Cao2m,25,16,MC_KM++,LLR,sparse,cost,945043650.3507016
Cao2m,25,16,MC_KMLS++,LLR,sparse,time,231.1152787208557
Cao2m,25,16,MC_KMLS++,LLR,sparse,cost,928095189.4469806
Cao2m,25,16,MC_KM++,RMKL,sparse,time,58.8808650970459
Cao2m,25,16,MC_KM++,RMKL,sparse,cost,878396.4085945934
Cao2m,25,16,MC_KMLS++,RMKL,sparse,time,192.39630699157715
Cao2m,25,16,MC_KMLS++,RMKL,sparse,cost,608774.1855628192
Cao2m,25,16,MC_KM++,UWLLR,sparse,time,65.04374885559082
Cao2m,25,16,MC_KM++,UWLLR,sparse,cost,142840.6068599671
Cao2m,25,16,MC_KMLS++,UWLLR,sparse,time,238.61561751365662
Cao2m,25,16,MC_KMLS++,UWLLR,sparse,cost,143086.62455125526
Cao2m,25,16,SK,SQRL2,sparse,time,405.08451628685
Cao2m,25,16,SK,SQRL2,sparse,cost,1e+308
Cao2m,25,16,MC_KMplusplus,SQRL2,dense,time,35.40261960029602
Cao2m,25,16,MC_KMplusplus,SQRL2,dense,cost,3206917376
Cao2m,25,16,MC_KMpp_and_LSpp,SQRL2,dense,time,114.80482482910156
Cao2m,25,16,MC_KMplusplusLSpp,SQRL2,dense,cost,3038439424.0
Cao2m,50,16,SKL_KMplusplus,SQRL2,sparse,time,5472.698928117752
Cao2m,50,16,SKL_KMplusplus,SQRL2,sparse,cost,5013758976
Cao2m,50,16,MC_KMplusplus,SQRL2,sparse,time,111.8174376487732
Cao2m,50,16,MC_KMplusplus,SQRL2,sparse,cost,4884083098
Cao2m,50,16,MC_KMpp_and_LSpp,SQRL2,sparse,time,328.3947217464447
Cao2m,50,16,MC_KMplusplusLSpp,SQRL2,sparse,cost,4891024940
Cao2m,50,16,MC_KM++,JSD,sparse,time,130.30888676643372
Cao2m,50,16,MC_KM++,JSD,sparse,cost,150268.7260173671
Cao2m,50,16,MC_KMLS++,JSD,sparse,time,426.1671106815338
Cao2m,50,16,MC_KMLS++,JSD,sparse,cost,145934.95505109616
Cao2m,50,16,MC_KM++,MKL,sparse,time,115.98674988746643
Cao2m,50,16,MC_KM++,MKL,sparse,cost,590886.918961972
Cao2m,50,16,MC_KMLS++,MKL,sparse,time,356.77836179733276
Cao2m,50,16,MC_KMLS++,MKL,sparse,cost,614898.7518038899
Cao2m,50,16,MC_KM++,HELL,sparse,time,103.86900401115417
Cao2m,50,16,MC_KM++,HELL,sparse,cost,568478.7638203269
Cao2m,50,16,MC_KMLS++,HELL,sparse,time,318.57537841796875
Cao2m,50,16,MC_KMLS++,HELL,sparse,cost,569160.0885774577
Cao2m,50,16,MC_KM++,BATMET,sparse,time,95.4809262752533
Cao2m,50,16,MC_KM++,BATMET,sparse,cost,379603.573929871
Cao2m,50,16,MC_KMLS++,BATMET,sparse,time,293.28419494628906
Cao2m,50,16,MC_KMLS++,BATMET,sparse,cost,378814.5410059977
Cao2m,50,16,MC_KM++,BATDIST,sparse,time,97.09314465522766
Cao2m,50,16,MC_KM++,BATDIST,sparse,cost,378885.0055813048
Cao2m,50,16,MC_KMLS++,BATDIST,sparse,time,296.7338619232178
Cao2m,50,16,MC_KMLS++,BATDIST,sparse,cost,376521.4313128141
Cao2m,50,16,MC_KM++,LLR,sparse,time,142.53499460220337
Cao2m,50,16,MC_KM++,LLR,sparse,cost,975482165.4152147
Cao2m,50,16,MC_KMLS++,LLR,sparse,time,442.0243079662323
Cao2m,50,16,MC_KMLS++,LLR,sparse,cost,959855561.6705115
Cao2m,50,16,MC_KM++,RMKL,sparse,time,118.38347387313843
Cao2m,50,16,MC_KM++,RMKL,sparse,cost,866377.2174956799
Cao2m,50,16,MC_KMLS++,RMKL,sparse,time,365.89570212364197
Cao2m,50,16,MC_KMLS++,RMKL,sparse,cost,606725.33219859
Cao2m,50,16,MC_KM++,UWLLR,sparse,time,134.5263683795929
Cao2m,50,16,MC_KM++,UWLLR,sparse,cost,143906.46906437166
Cao2m,50,16,MC_KMLS++,UWLLR,sparse,time,434.2688663005829
Cao2m,50,16,MC_KMLS++,UWLLR,sparse,cost,145142.2377350591
Cao2m,50,16,SK,SQRL2,sparse,time,710.9802422523499
Cao2m,50,16,SK,SQRL2,sparse,cost,1e+308
Cao2m,50,16,MC_KMplusplus,SQRL2,dense,time,70.75260138511658
Cao2m,50,16,MC_KMplusplus,SQRL2,dense,cost,2957368832
Cao2m,50,16,MC_KMpp_and_LSpp,SQRL2,dense,time,223.4263575077057
Cao2m,50,16,MC_KMplusplusLSpp,SQRL2,dense,cost,2771324928.0
Cao2m,100,16,SKL_KMplusplus,SQRL2,sparse,time,12731.576379537582
Cao2m,100,16,SKL_KMplusplus,SQRL2,sparse,cost,4793065984
Cao2m,100,16,MC_KMplusplus,SQRL2,sparse,time,213.57467222213745
Cao2m,100,16,MC_KMplusplus,SQRL2,sparse,cost,4721621774
Cao2m,100,16,MC_KMpp_and_LSpp,SQRL2,sparse,time,661.2089328765869
Cao2m,100,16,MC_KMplusplusLSpp,SQRL2,sparse,cost,4575495876
Cao2m,100,16,MC_KM++,JSD,sparse,time,263.29473304748535
Cao2m,100,16,MC_KM++,JSD,sparse,cost,148720.42888225056
Cao2m,100,16,MC_KMLS++,JSD,sparse,time,839.2474460601807
Cao2m,100,16,MC_KMLS++,JSD,sparse,cost,145388.69429075718
Cao2m,100,16,MC_KM++,MKL,sparse,time,227.64680242538452
Cao2m,100,16,MC_KM++,MKL,sparse,cost,585843.8534880728
Cao2m,100,16,MC_KMLS++,MKL,sparse,time,726.2151815891266
Cao2m,100,16,MC_KMLS++,MKL,sparse,cost,613294.729193002
Cao2m,100,16,MC_KM++,HELL,sparse,time,204.86097526550293
Cao2m,100,16,MC_KM++,HELL,sparse,cost,566127.648196658
Cao2m,100,16,MC_KMLS++,HELL,sparse,time,623.423983335495
Cao2m,100,16,MC_KMLS++,HELL,sparse,cost,561391.0681223661
Cao2m,100,16,MC_KM++,BATMET,sparse,time,184.62950372695923
Cao2m,100,16,MC_KM++,BATMET,sparse,cost,374458.8820132979
Cao2m,100,16,MC_KMLS++,BATMET,sparse,time,579.8407776355743
Cao2m,100,16,MC_KMLS++,BATMET,sparse,cost,372852.19321719476
Cao2m,100,16,MC_KM++,BATDIST,sparse,time,196.90661096572876
Cao2m,100,16,MC_KM++,BATDIST,sparse,cost,375724.83919965127
Cao2m,100,16,MC_KMLS++,BATDIST,sparse,time,572.2666103839874
Cao2m,100,16,MC_KMLS++,BATDIST,sparse,cost,374267.51158219366
Cao2m,100,16,MC_KM++,LLR,sparse,time,272.34143257141113
Cao2m,100,16,MC_KM++,LLR,sparse,cost,934180283.1023161
Cao2m,100,16,MC_KMLS++,LLR,sparse,time,849.5859186649323
Cao2m,100,16,MC_KMLS++,LLR,sparse,cost,912421095.8181512
Cao2m,100,16,MC_KM++,RMKL,sparse,time,239.55419778823853
Cao2m,100,16,MC_KM++,RMKL,sparse,cost,848675.6287572831
Cao2m,100,16,MC_KMLS++,RMKL,sparse,time,908.4648320674896
Cao2m,100,16,MC_KMLS++,RMKL,sparse,cost,601681.6743407324
Cao2m,100,16,MC_KM++,UWLLR,sparse,time,346.7844202518463
Cao2m,100,16,MC_KM++,UWLLR,sparse,cost,144906.62578807212
Cao2m,100,16,MC_KMLS++,UWLLR,sparse,time,1022.7254953384399
Cao2m,100,16,MC_KMLS++,UWLLR,sparse,cost,138974.42700314708
Cao2m,100,16,SK,SQRL2,sparse,time,1923.855117559433
Cao2m,100,16,SK,SQRL2,sparse,cost,1e+308
Cao2m,100,16,MC_KMplusplus,SQRL2,dense,time,146.52021598815918
Cao2m,100,16,MC_KMplusplus,SQRL2,dense,cost,2590964736
Cao2m,100,16,MC_KMpp_and_LSpp,SQRL2,dense,time,437.74345088005066
Cao2m,100,16,MC_KMplusplusLSpp,SQRL2,dense,cost,2524342784.0
Cao4m,3,16,SKL_KMplusplus,SQRL2,sparse,time,1290.5871489048004
Cao4m,3,16,SKL_KMplusplus,SQRL2,sparse,cost,29251473408
Cao4m,3,16,MC_KMplusplus,SQRL2,sparse,time,15.207473993301392
Cao4m,3,16,MC_KMplusplus,SQRL2,sparse,cost,28697822731
Cao4m,3,16,MC_KMpp_and_LSpp,SQRL2,sparse,time,81.84099817276001
Cao4m,3,16,MC_KMplusplusLSpp,SQRL2,sparse,cost,24966425073
Cao4m,3,16,MC_KM++,JSD,sparse,time,17.086880922317505
Cao4m,3,16,MC_KM++,JSD,sparse,cost,180511.7677198723
Cao4m,3,16,MC_KMLS++,JSD,sparse,time,98.7078366279602
Cao4m,3,16,MC_KMLS++,JSD,sparse,cost,179296.15161868744
Cao4m,3,16,MC_KM++,MKL,sparse,time,13.999553442001343
Cao4m,3,16,MC_KM++,MKL,sparse,cost,921942.1102336086
Cao4m,3,16,MC_KMLS++,MKL,sparse,time,80.30603671073914
Cao4m,3,16,MC_KMLS++,MKL,sparse,cost,868084.3102343213
Cao4m,3,16,MC_KM++,HELL,sparse,time,12.987459182739258
Cao4m,3,16,MC_KM++,HELL,sparse,cost,938810.0659771105
Cao4m,3,16,MC_KMLS++,HELL,sparse,time,66.31726813316345
Cao4m,3,16,MC_KMLS++,HELL,sparse,cost,858213.3769490231
Cao4m,3,16,MC_KM++,BATMET,sparse,time,12.61139988899231
Cao4m,3,16,MC_KM++,BATMET,sparse,cost,510541.1030224966
Cao4m,3,16,MC_KMLS++,BATMET,sparse,time,67.39713978767395
Cao4m,3,16,MC_KMLS++,BATMET,sparse,cost,447256.9606028013
Cao4m,3,16,MC_KM++,BATDIST,sparse,time,10.939777851104736
Cao4m,3,16,MC_KM++,BATDIST,sparse,cost,459552.65061865875
Cao4m,3,16,MC_KMLS++,BATDIST,sparse,time,67.80863571166992
Cao4m,3,16,MC_KMLS++,BATDIST,sparse,cost,449704.3424698124
Cao4m,3,16,MC_KM++,LLR,sparse,time,15.431271314620972
Cao4m,3,16,MC_KM++,LLR,sparse,cost,2414773332.722313
Cao4m,3,16,MC_KMLS++,LLR,sparse,time,103.22826361656189
Cao4m,3,16,MC_KMLS++,LLR,sparse,cost,2473209391.328567
Cao4m,3,16,MC_KM++,RMKL,sparse,time,17.3490252494812
Cao4m,3,16,MC_KM++,RMKL,sparse,cost,1200690.9475913346
Cao4m,3,16,MC_KMLS++,RMKL,sparse,time,72.76191997528076
Cao4m,3,16,MC_KMLS++,RMKL,sparse,cost,825169.764357999
Cao4m,3,16,MC_KM++,UWLLR,sparse,time,17.713319778442383
Cao4m,3,16,MC_KM++,UWLLR,sparse,cost,201252.05206320435
Cao4m,3,16,MC_KMLS++,UWLLR,sparse,time,80.95019578933716
Cao4m,3,16,MC_KMLS++,UWLLR,sparse,cost,170743.95725203678
Cao4m,3,16,SK,SQRL2,sparse,time,160.22559762001038
Cao4m,3,16,SK,SQRL2,sparse,cost,1e+308
Cao4m,3,16,MC_KMplusplus,SQRL2,dense,time,11.469244718551636
Cao4m,3,16,MC_KMplusplus,SQRL2,dense,cost,22546167808
Cao4m,3,16,MC_KMpp_and_LSpp,SQRL2,dense,time,47.087130308151245
Cao4m,3,16,MC_KMplusplusLSpp,SQRL2,dense,cost,19686365184.0
Cao4m,10,16,SKL_KMplusplus,SQRL2,sparse,time,4471.187046051025
Cao4m,10,16,SKL_KMplusplus,SQRL2,sparse,cost,24218275840
Cao4m,10,16,MC_KMplusplus,SQRL2,sparse,time,64.35464835166931
Cao4m,10,16,MC_KMplusplus,SQRL2,sparse,cost,21868254134
Cao4m,10,16,MC_KMpp_and_LSpp,SQRL2,sparse,time,215.02670001983643
Cao4m,10,16,MC_KMplusplusLSpp,SQRL2,sparse,cost,21183089404
Cao4m,10,16,MC_KM++,JSD,sparse,time,57.29305982589722
Cao4m,10,16,MC_KM++,JSD,sparse,cost,167780.68091064878
Cao4m,10,16,MC_KMLS++,JSD,sparse,time,218.3263337612152
Cao4m,10,16,MC_KMLS++,JSD,sparse,cost,164125.42985669523
Cao4m,10,16,MC_KM++,MKL,sparse,time,51.57000470161438
Cao4m,10,16,MC_KM++,MKL,sparse,cost,747227.1619627252
Cao4m,10,16,MC_KMLS++,MKL,sparse,time,187.05965304374695
Cao4m,10,16,MC_KMLS++,MKL,sparse,cost,715130.3436556421
Cao4m,10,16,MC_KM++,HELL,sparse,time,42.20209741592407
Cao4m,10,16,MC_KM++,HELL,sparse,cost,849134.2825422866
Cao4m,10,16,MC_KMLS++,HELL,sparse,time,164.09389925003052
Cao4m,10,16,MC_KMLS++,HELL,sparse,cost,843008.8462189329
Cao4m,10,16,MC_KM++,BATMET,sparse,time,44.645480155944824
Cao4m,10,16,MC_KM++,BATMET,sparse,cost,432906.9972161985
Cao4m,10,16,MC_KMLS++,BATMET,sparse,time,169.8718843460083
Cao4m,10,16,MC_KMLS++,BATMET,sparse,cost,431271.311481774
Cao4m,10,16,MC_KM++,BATDIST,sparse,time,44.92225742340088
Cao4m,10,16,MC_KM++,BATDIST,sparse,cost,435462.76209143107
Cao4m,10,16,MC_KMLS++,BATDIST,sparse,time,162.66355657577515
Cao4m,10,16,MC_KMLS++,BATDIST,sparse,cost,436046.68413098005
Cao4m,10,16,MC_KM++,LLR,sparse,time,62.137686252593994
Cao4m,10,16,MC_KM++,LLR,sparse,cost,2449409963.4592304
Cao4m,10,16,MC_KMLS++,LLR,sparse,time,236.66229128837585
Cao4m,10,16,MC_KMLS++,LLR,sparse,cost,2465245158.6275644
Cao4m,10,16,MC_KM++,RMKL,sparse,time,61.88473582267761
Cao4m,10,16,MC_KM++,RMKL,sparse,cost,1073550.9803442582
Cao4m,10,16,MC_KMLS++,RMKL,sparse,time,203.2639729976654
Cao4m,10,16,MC_KMLS++,RMKL,sparse,cost,748178.1734507605
Cao4m,10,16,MC_KM++,UWLLR,sparse,time,56.52511811256409
Cao4m,10,16,MC_KM++,UWLLR,sparse,cost,162035.52481127158
Cao4m,10,16,MC_KMLS++,UWLLR,sparse,time,223.8147690296173
Cao4m,10,16,MC_KMLS++,UWLLR,sparse,cost,164681.5585442679
Cao4m,10,16,SK,SQRL2,sparse,time,461.9173502922058
Cao4m,10,16,SK,SQRL2,sparse,cost,1e+308
Cao4m,10,16,MC_KMplusplus,SQRL2,dense,time,34.17975926399231
Cao4m,10,16,MC_KMplusplus,SQRL2,dense,cost,20396695552
Cao4m,10,16,MC_KMpp_and_LSpp,SQRL2,dense,time,113.80697226524353
Cao4m,10,16,MC_KMplusplusLSpp,SQRL2,dense,cost,16196120576.0
Cao4m,25,16,SKL_KMplusplus,SQRL2,sparse,time,10573.89597940445
Cao4m,25,16,SKL_KMplusplus,SQRL2,sparse,cost,21910335488
Cao4m,25,16,MC_KMplusplus,SQRL2,sparse,time,156.61247181892395
Cao4m,25,16,MC_KMplusplus,SQRL2,sparse,cost,19598758694
Cao4m,25,16,MC_KMpp_and_LSpp,SQRL2,sparse,time,455.32098054885864
Cao4m,25,16,MC_KMplusplusLSpp,SQRL2,sparse,cost,19068307662
Cao4m,25,16,MC_KM++,JSD,sparse,time,153.87748908996582
Cao4m,25,16,MC_KM++,JSD,sparse,cost,165262.41326420382
Cao4m,25,16,MC_KMLS++,JSD,sparse,time,504.8227286338806
Cao4m,25,16,MC_KMLS++,JSD,sparse,cost,166282.73000915349
Cao4m,25,16,MC_KM++,MKL,sparse,time,135.49115228652954
Cao4m,25,16,MC_KM++,MKL,sparse,cost,835863.7377657592
Cao4m,25,16,MC_KMLS++,MKL,sparse,time,532.0511169433594
Cao4m,25,16,MC_KMLS++,MKL,sparse,cost,678147.0702060685
Cao4m,25,16,MC_KM++,HELL,sparse,time,122.21803069114685
Cao4m,25,16,MC_KM++,HELL,sparse,cost,845053.5116248494
Cao4m,25,16,MC_KMLS++,HELL,sparse,time,424.48440957069397
Cao4m,25,16,MC_KMLS++,HELL,sparse,cost,833541.5374536677
Cao4m,25,16,MC_KM++,BATMET,sparse,time,120.65246438980103
Cao4m,25,16,MC_KM++,BATMET,sparse,cost,431259.07848794624
Cao4m,25,16,MC_KMLS++,BATMET,sparse,time,363.7860631942749
Cao4m,25,16,MC_KMLS++,BATMET,sparse,cost,418614.2239157395
Cao4m,25,16,MC_KM++,BATDIST,sparse,time,114.99686121940613
Cao4m,25,16,MC_KM++,BATDIST,sparse,cost,432950.77549104166
Cao4m,25,16,MC_KMLS++,BATDIST,sparse,time,376.10793137550354
Cao4m,25,16,MC_KMLS++,BATDIST,sparse,cost,416529.06383456354
Cao4m,25,16,MC_KM++,LLR,sparse,time,150.6527876853943
Cao4m,25,16,MC_KM++,LLR,sparse,cost,2391314272.810516
Cao4m,25,16,MC_KMLS++,LLR,sparse,time,566.2861816883087
Cao4m,25,16,MC_KMLS++,LLR,sparse,cost,2336738012.89284
Cao4m,25,16,MC_KM++,RMKL,sparse,time,128.6292908191681
Cao4m,25,16,MC_KM++,RMKL,sparse,cost,1001163.1666551977
Cao4m,25,16,MC_KMLS++,RMKL,sparse,time,424.9810702800751
Cao4m,25,16,MC_KMLS++,RMKL,sparse,cost,770207.7694473043
Cao4m,25,16,MC_KM++,UWLLR,sparse,time,161.66726994514465
Cao4m,25,16,MC_KM++,UWLLR,sparse,cost,164817.05131776351
Cao4m,25,16,MC_KMLS++,UWLLR,sparse,time,503.62121176719666
Cao4m,25,16,MC_KMLS++,UWLLR,sparse,cost,161528.56232642662
Cao4m,25,16,SK,SQRL2,sparse,time,996.1292963027954
Cao4m,25,16,SK,SQRL2,sparse,cost,1e+308
Cao4m,25,16,MC_KMplusplus,SQRL2,dense,time,67.7995252609253
Cao4m,25,16,MC_KMplusplus,SQRL2,dense,cost,13929274368
Cao4m,25,16,MC_KMpp_and_LSpp,SQRL2,dense,time,212.44720721244812
Cao4m,25,16,MC_KMplusplusLSpp,SQRL2,dense,cost,13122685952.0
Cao4m,50,16,SKL_KMplusplus,SQRL2,sparse,time,20949.298992156982
Cao4m,50,16,SKL_KMplusplus,SQRL2,sparse,cost,18374082560
Cao4m,50,16,MC_KMplusplus,SQRL2,sparse,time,307.2147924900055
Cao4m,50,16,MC_KMplusplus,SQRL2,sparse,cost,18605488421
Cao4m,50,16,MC_KMpp_and_LSpp,SQRL2,sparse,time,981.4527249336243
Cao4m,50,16,MC_KMplusplusLSpp,SQRL2,sparse,cost,18082836258
Cao4m,50,16,MC_KM++,JSD,sparse,time,324.9018657207489
Cao4m,50,16,MC_KM++,JSD,sparse,cost,161919.04614539724
Cao4m,50,16,MC_KMLS++,JSD,sparse,time,955.0261857509613
Cao4m,50,16,MC_KMLS++,JSD,sparse,cost,161177.13940197602
Cao4m,50,16,MC_KM++,MKL,sparse,time,254.97267961502075
Cao4m,50,16,MC_KM++,MKL,sparse,cost,680459.7660197427
Cao4m,50,16,MC_KMLS++,MKL,sparse,time,927.4457077980042
Cao4m,50,16,MC_KMLS++,MKL,sparse,cost,679220.3659865782
Cao4m,50,16,MC_KM++,HELL,sparse,time,227.7510221004486
Cao4m,50,16,MC_KM++,HELL,sparse,cost,828055.0540406612
Cao4m,50,16,MC_KMLS++,HELL,sparse,time,736.6568212509155
Cao4m,50,16,MC_KMLS++,HELL,sparse,cost,826668.4351522004
Cao4m,50,16,MC_KM++,BATMET,sparse,time,217.8637034893036
Cao4m,50,16,MC_KM++,BATMET,sparse,cost,414222.8663655623
Cao4m,50,16,MC_KMLS++,BATMET,sparse,time,671.4697251319885
Cao4m,50,16,MC_KMLS++,BATMET,sparse,cost,411159.56318214745
Cao4m,50,16,MC_KM++,BATDIST,sparse,time,208.5401270389557
Cao4m,50,16,MC_KM++,BATDIST,sparse,cost,413028.98436564667
Cao4m,50,16,MC_KMLS++,BATDIST,sparse,time,683.4960567951202
Cao4m,50,16,MC_KMLS++,BATDIST,sparse,cost,410736.5405667251
Cao4m,50,16,MC_KM++,LLR,sparse,time,298.593656539917
Cao4m,50,16,MC_KM++,LLR,sparse,cost,2407881949.764539
Cao4m,50,16,MC_KMLS++,LLR,sparse,time,1146.2764575481415
Cao4m,50,16,MC_KMLS++,LLR,sparse,cost,2352824315.6761646
Cao4m,50,16,MC_KM++,RMKL,sparse,time,267.73052191734314
Cao4m,50,16,MC_KM++,RMKL,sparse,cost,970193.8224815056
Cao4m,50,16,MC_KMLS++,RMKL,sparse,time,892.0863778591156
Cao4m,50,16,MC_KMLS++,RMKL,sparse,cost,663952.9815828614
Cao4m,50,16,MC_KM++,UWLLR,sparse,time,335.63304114341736
Cao4m,50,16,MC_KM++,UWLLR,sparse,cost,164024.19914830104
Cao4m,50,16,MC_KMLS++,UWLLR,sparse,time,992.1978447437286
Cao4m,50,16,MC_KMLS++,UWLLR,sparse,cost,158350.75735977944
Cao4m,50,16,SK,SQRL2,sparse,time,2066.0481584072113
Cao4m,50,16,SK,SQRL2,sparse,cost,1e+308
Cao4m,50,16,MC_KMplusplus,SQRL2,dense,time,141.3666431903839
Cao4m,50,16,MC_KMplusplus,SQRL2,dense,cost,11793696768
Cao4m,50,16,MC_KMpp_and_LSpp,SQRL2,dense,time,424.1801846027374
Cao4m,50,16,MC_KMplusplusLSpp,SQRL2,dense,cost,11861396480.0
Cao4m,100,16,SKL_KMplusplus,SQRL2,sparse,time,42394.801820516586
Cao4m,100,16,SKL_KMplusplus,SQRL2,sparse,cost,16705008640
Cao4m,100,16,MC_KMplusplus,SQRL2,sparse,time,675.610778093338
Cao4m,100,16,MC_KMplusplus,SQRL2,sparse,cost,17520269189
Cao4m,100,16,MC_KMpp_and_LSpp,SQRL2,sparse,time,1895.3089282512665
Cao4m,100,16,MC_KMplusplusLSpp,SQRL2,sparse,cost,16241430375
Cao4m,100,16,MC_KM++,JSD,sparse,time,645.8779175281525
Cao4m,100,16,MC_KM++,JSD,sparse,cost,159481.4114960553
Cao4m,100,16,MC_KMLS++,JSD,sparse,time,2113.5112636089325
Cao4m,100,16,MC_KMLS++,JSD,sparse,cost,158284.69631111808
Cao4m,100,16,MC_KM++,MKL,sparse,time,561.2577509880066
Cao4m,100,16,MC_KM++,MKL,sparse,cost,673453.4908688478
Cao4m,100,16,MC_KMLS++,MKL,sparse,time,1752.5263059139252
Cao4m,100,16,MC_KMLS++,MKL,sparse,cost,657912.4791894928
Cao4m,100,16,MC_KM++,HELL,sparse,time,466.9297831058502
Cao4m,100,16,MC_KM++,HELL,sparse,cost,822322.9304926256
Cao4m,100,16,MC_KMLS++,HELL,sparse,time,1503.0166990756989
Cao4m,100,16,MC_KMLS++,HELL,sparse,cost,819707.2927263211
Cao4m,100,16,MC_KM++,BATMET,sparse,time,457.3904800415039
Cao4m,100,16,MC_KM++,BATMET,sparse,cost,404858.26726243744
Cao4m,100,16,MC_KMLS++,BATMET,sparse,time,1394.1476409435272
Cao4m,100,16,MC_KMLS++,BATMET,sparse,cost,401329.3537066168
Cao4m,100,16,MC_KM++,BATDIST,sparse,time,451.9898955821991
Cao4m,100,16,MC_KM++,BATDIST,sparse,cost,404843.6270863653
Cao4m,100,16,MC_KMLS++,BATDIST,sparse,time,1455.1710312366486
Cao4m,100,16,MC_KMLS++,BATDIST,sparse,cost,399731.5341119604
Cao4m,100,16,MC_KM++,LLR,sparse,time,676.1988322734833
Cao4m,100,16,MC_KM++,LLR,sparse,cost,2329964423.1281424
Cao4m,100,16,MC_KMLS++,LLR,sparse,time,2207.9117381572723
Cao4m,100,16,MC_KMLS++,LLR,sparse,cost,2315834651.160431
Cao4m,100,16,MC_KM++,RMKL,sparse,time,526.3075201511383
Cao4m,100,16,MC_KM++,RMKL,sparse,cost,940259.7032573
Cao4m,100,16,MC_KMLS++,RMKL,sparse,time,1722.0777468681335
Cao4m,100,16,MC_KMLS++,RMKL,sparse,cost,699075.0086735785
Cao4m,100,16,MC_KM++,UWLLR,sparse,time,674.5431172847748
Cao4m,100,16,MC_KM++,UWLLR,sparse,cost,156695.7171327807
Cao4m,100,16,MC_KMLS++,UWLLR,sparse,time,2119.2672119140625
Cao4m,100,16,MC_KMLS++,UWLLR,sparse,cost,154998.0594168296
Cao4m,100,16,SK,SQRL2,sparse,time,4285.8152005672455
Cao4m,100,16,SK,SQRL2,sparse,cost,1e+308
Cao4m,100,16,MC_KMplusplus,SQRL2,dense,time,322.90047574043274
Cao4m,100,16,MC_KMplusplus,SQRL2,dense,cost,10796928000
Cao4m,100,16,MC_KMpp_and_LSpp,SQRL2,dense,time,967.1706204414368
Cao4m,100,16,MC_KMplusplusLSpp,SQRL2,dense,cost,9945005056.0
